vio,year,incarc_rate,pb1064,pw1064,pm1029,pop,avginc,density,stateid,shall
414.4,77,83,8.384873,55.12291,18.17441,3.780403,9.563148,0.0745524,1,0
419.1,78,94,8.352101,55.14367,17.99408,3.831838,9.932,0.0755667,1,0
413.3,79,144,8.329575,55.13586,17.83934,3.866248,9.877028,0.0762453,1,0
448.5,80,141,8.408386,54.91259,17.7342,3.900368,9.541428,0.0768288,1,0
470.5,81,149,8.483435,54.92513,17.67372,3.918531,9.548351,0.0771866,1,0
447.7,82,183,8.514,54.89621,17.51052,3.925229,9.478919,0.0773185,1,0
416,83,215,8.545608,54.83936,17.35089,3.934103,9.783,0.0774933,1,0
431.2,84,243,8.559511,54.77876,17.11902,3.951826,10.3572,0.0778424,1,0
457.5,85,256,8.562801,54.67899,16.85875,3.97252,10.72586,0.07825,1,0
558,86,267,8.566521,54.51791,16.57609,3.991562,11.09162,0.0786251,1,0
559.2,87,283,8.592103,54.3877,16.2823,4.015257,11.32382,0.0790919,1,0
558.6,88,307,8.618144,54.23505,15.9927,4.023848,11.65496,0.0792611,1,0
590.8,89,300,8.638031,54.06622,15.67523,4.030224,11.9639,0.0793867,1,0
708.6,90,328,8.699674,56.07016,15.3807,4.048508,12.06398,0.0797736,1,0
844.2,91,370,8.771641,55.97353,15.18314,4.091025,12.08782,0.0806113,1,0
871.7,92,394,8.877969,55.80952,15.02558,4.139269,12.39802,0.081562,1,0
780.4,93,407,8.972758,55.66076,14.86296,4.193114,12.3958,0.0826229,1,0
683.7,94,431,9.047583,55.50783,14.67744,4.232965,12.67392,0.0834082,1,0
632.4,95,450,9.094921,55.33187,14.54549,4.262731,12.87268,0.0839947,1,0
565.4,96,471,9.14942,55.3142,14.41802,4.290403,12.90891,0.08454,1,0
564.5,97,492,9.206091,55.15972,14.30733,4.320281,13.12111,0.0851287,1,0
512.1,98,500,9.257586,55.25745,14.16984,4.351037,13.5141,0.0857347,1,0
490.2,99,519,9.331416,55.29781,14.0052,4.369862,13.73726,0.0861057,1,0
443.2,77,63,7.835672,62.1413,22.35269,0.403437,20.29683,0.0007083,2,0
441.9,78,75,7.945618,62.65009,22.05606,0.404764,19.04499,0.0007106,2,0
491.1,79,127,8.057296,63.09599,21.97401,0.402753,18.11589,0.0007071,2,0
436,80,133,8.123558,62.7206,21.55065,0.405315,17.90166,0.00071,2,0
615.8,81,143,8.153878,62.80371,21.01661,0.418488,18.07523,0.0007331,2,0
623.7,82,170,8.149489,62.89593,20.32379,0.449611,18.96713,0.0007876,2,0
613.8,83,194,8.114173,62.86964,19.54211,0.488417,19.045,0.0008556,2,0
621.6,84,219,8.094755,62.41428,18.85155,0.513703,18.59022,0.0008999,2,0
581.8,85,252,8.05383,61.88262,18.22919,0.532492,18.7052,0.0009328,2,0
570.4,86,288,8.0824,61.2697,17.81123,0.544269,17.90639,0.0009535,2,0
455.4,87,306,8.185459,60.43927,17.49717,0.53931,16.95592,0.0009448,2,0
522.8,88,339,8.39216,60.09351,17.20629,0.541982,16.74064,0.0009495,2,0
497.7,89,355,8.556108,59.82404,17.13378,0.547153,17.28538,0.0009585,2,0
524.5,90,361,8.630677,60.08334,16.99975,0.55312,17.31188,0.0009697,2,0
613.9,91,348,8.526665,60.35909,16.56165,0.569273,17.00598,0.0009981,2,0
660.5,92,345,8.534543,60.75548,16.34584,0.587073,16.97823,0.0010293,2,0
760.8,93,327,8.630754,60.76018,16.19282,0.596993,17.06791,0.0010467,2,0
766.3,94,446,8.593396,60.87202,15.97539,0.600624,16.97002,0.001053,2,0
770.9,95,317,8.624999,61.20048,15.75818,0.601345,16.87189,0.0010543,2,1
727.7,96,338,8.75226,61.23177,15.8195,0.604918,16.54619,0.0010606,2,1
701.1,97,383,8.834417,61.00919,15.98483,0.608846,16.81668,0.0010675,2,1
653.9,98,420,8.933932,60.74545,16.30562,0.615205,17.07745,0.0010786,2,1
631.5,99,413,8.986603,60.55464,16.6318,0.6195,17.12014,0.0010861,2,1
494.2,77,125,3.436422,66.61958,18.72813,2.425197,10.91945,0.021383,4,0
552.1,78,129,3.457416,66.48782,18.48919,2.515318,11.59141,0.0221776,4,0
593,79,146,3.473442,66.49958,18.28485,2.63557,11.80469,0.0232379,4,0
650.9,80,139,3.592809,66.15736,18.0928,2.737774,11.59431,0.0241197,4,0
575.8,81,160,3.557633,66.35718,17.99499,2.810127,11.68117,0.0247571,4,0
517,82,184,3.588126,66.18365,17.79727,2.889865,11.29524,0.0254596,4,0
494.2,83,209,3.622587,65.86687,17.58133,2.968928,11.654,0.0261561,4,0
516.1,84,223,3.644696,65.58672,17.30715,3.067142,12.35672,0.0270214,4,0
602.5,85,247,3.673841,65.33994,17.0261,3.183535,12.78621,0.0280468,4,0
658.3,86,256,3.72806,65.11162,16.73828,3.308262,13.14687,0.0291456,4,0
612.6,87,268,3.784642,64.77774,16.45066,3.437102,13.26901,0.0302807,4,0
610.1,88,307,3.844388,64.44434,16.15664,3.535179,13.29939,0.0311448,4,0
599.6,89,328,3.903289,63.91225,15.89517,3.622176,13.3041,0.0319112,4,0
652.4,90,350,3.964251,64.84599,15.65157,3.679056,13.11478,0.0323741,4,0
670.7,91,375,4.026213,64.48261,15.32617,3.762394,12.83855,0.0331074,4,0
670.8,92,396,4.067532,64.29301,15.06402,3.867333,12.87301,0.0340308,4,0
715,93,409,4.107062,64.02615,14.84015,3.99339,12.92288,0.0351401,4,0
703.1,94,430,4.16112,64.19139,14.63248,4.147561,13.28813,0.0364967,4,0
713.5,95,459,4.210515,64.04899,14.52453,4.306908,13.49464,0.0378989,4,1
631.5,96,473,4.258865,63.88958,14.44164,4.432308,13.72299,0.0390024,4,1
623.7,97,479,4.313578,64.03395,14.37867,4.552207,14.14638,0.0400574,4,1
577.9,98,484,4.317078,63.87193,14.36154,4.667277,14.74526,0.04107,4,1
551.2,99,507,4.343524,63.80436,14.36654,4.778332,15.05345,0.0420472,4,1
322.9,77,115,5.325915,59.49733,17.29585,2.20901,9.321481,0.0425259,5,0
344.1,78,111,5.294712,59.49071,17.09856,2.243125,9.945752,0.0431827,5,0
366.2,79,115,5.256688,59.47256,16.902,2.271335,9.724736,0.0437258,5,0
335.2,80,132,5.301,59.40872,16.77785,2.288738,9.171474,0.0439483,5,0
310.3,81,128,5.363085,59.39111,16.70277,2.293195,9.386144,0.0440339,5,0
324.7,82,143,5.396681,59.34017,16.57396,2.294262,9.238463,0.0440543,5,0
297.7,83,166,5.412156,59.31244,16.41476,2.305754,9.476,0.044275,5,0
321.4,84,179,5.429969,59.3006,16.23451,2.319774,10.12704,0.0445442,5,0
347.6,85,188,5.448844,59.18848,16.04804,2.327044,10.43046,0.0446838,5,0
394.8,86,195,5.453926,59.12255,15.81027,2.33199,10.66621,0.0447788,5,0
412,87,198,5.468931,59.08031,15.59308,2.342359,10.68537,0.0449779,5,0
422.7,88,227,5.485952,58.94504,15.35794,2.342638,10.95947,0.0449833,5,0
473.7,89,230,5.507787,58.81361,15.12138,2.346387,11.09184,0.0450552,5,0
532.2,90,261,5.545241,61.01876,14.93504,2.354343,11.05586,0.0452106,5,0
593.3,91,277,5.603151,60.95456,14.80757,2.370666,11.15141,0.0455241,5,0
576.5,92,317,5.660378,60.80524,14.68971,2.394098,11.66175,0.045974,5,0
593.3,93,340,5.731631,60.91962,14.56569,2.423743,11.70956,0.0465433,5,0
595.1,94,327,5.748989,61.00677,14.45512,2.450605,11.928,0.0470591,5,0
553.2,95,345,5.777742,60.96267,14.39696,2.480121,12.12908,0.0476259,5,0
524,96,361,5.83566,60.96302,14.36884,2.504858,12.34567,0.048101,5,1
526.9,97,357,5.884809,61.0488,14.30606,2.524007,12.56159,0.0484687,5,1
490.2,98,392,5.917338,61.09908,14.25316,2.538202,12.98742,0.0487413,5,1
425.2,99,415,5.961927,61.2114,14.17539,2.551373,13.29533,0.0489942,5,1
706,77,85,5.011663,65.51936,18.78835,22.3524,14.08908,0.1429538,6,0
742.9,78,80,5.16054,65.27907,18.63814,22.83596,14.6963,0.1460464,6,0
811.1,79,88,5.299742,64.99982,18.49175,23.25689,14.88071,0.1487384,6,0
893.6,80,93,5.594304,64.43827,18.38397,23.8008,14.54306,0.1522774,6,0
863,81,98,5.764122,64.16476,18.33019,24.28594,14.47268,0.1553813,6,0
814.7,82,114,5.955957,63.59418,18.20489,24.82001,14.21477,0.1587982,6,0
772.6,83,135,6.108492,63.02439,18.00803,25.36002,14.491,0.1622533,6,0
763.4,84,150,6.266548,62.47379,17.79389,25.84439,15.27399,0.1653522,6,0
765.3,85,162,6.419227,61.9726,17.58418,26.44111,15.65773,0.1691701,6,0
920.5,86,181,6.571936,61.4321,17.35141,27.10224,16.02385,0.1734,6,0
918,87,212,6.712571,60.96083,17.1327,27.77715,16.33412,0.177718,6,0
929.8,88,231,6.850673,60.54552,16.92792,28.46425,16.59835,0.1821141,6,0
977.7,89,257,6.997949,60.14187,16.78493,29.21816,16.67429,0.1869376,6,0
1045.2,90,283,7.156204,60.53821,16.61047,29.95011,16.67942,0.1920211,6,0
1089.9,91,311,7.26585,59.86163,16.22872,30.41411,16.09954,0.194996,6,0
1119.7,92,318,7.394206,59.40587,15.9039,30.87592,16.13262,0.1979568,6,0
1077.8,93,339,7.525185,58.84095,15.59114,31.14721,15.7967,0.1996962,6,0
1013,94,368,7.618953,58.34014,15.29132,31.31718,15.77386,0.2007859,6,0
966,95,384,7.714913,57.91899,15.08377,31.49352,16.02038,0.2019165,6,0
862.7,96,416,7.803103,57.64225,14.95196,31.78083,16.2325,0.2037585,6,0
798.3,97,446,7.907242,57.71132,14.88057,32.21771,16.60678,0.2065595,6,0
703.7,98,475,8.000757,57.91366,14.87256,32.68279,17.2693,0.2095414,6,0
627.2,99,483,8.08967,58.14976,14.91536,33.14512,17.85389,0.2125055,6,0
511.9,77,87,2.026637,72.37897,20.01816,2.696142,12.44015,0.0259829,8,0
498,78,89,2.081794,72.41429,19.80795,2.766748,13.04759,0.0266633,8,0
522.1,79,93,2.115095,72.49131,19.576,2.849234,13.16571,0.0274583,8,0
528.6,80,90,2.207162,72.37984,19.3459,2.908803,13.06808,0.0280786,8,0
531.7,81,96,2.254344,72.38009,19.03929,2.977895,13.30654,0.0287455,8,0
504.2,82,92,2.313977,72.21121,18.55973,3.061569,13.35924,0.0295533,8,0
476.4,83,108,2.368948,71.82253,18.04688,3.133628,13.57,0.0302488,8,0
457.8,84,109,2.424206,71.46875,17.52742,3.169987,14.14621,0.0305998,8,0
471,85,104,2.491744,71.09287,17.11547,3.208717,14.27522,0.0309737,8,0
523.6,86,103,2.547748,70.60625,16.64707,3.237447,14.33675,0.031251,8,0
467.5,87,115,2.599251,70.12352,16.22412,3.260478,14.39771,0.0314733,8,0
472.6,88,145,2.643703,69.71968,15.81841,3.262281,14.55397,0.0314907,8,0
471.4,89,174,2.698713,69.4189,15.47111,3.275821,14.89404,0.0316214,8,0
526,90,207,2.750993,70.51215,15.20009,3.303862,15.01369,0.0318506,8,0
559.3,91,209,2.798311,70.5401,14.87783,3.367567,14.976,0.0324647,8,0
578.8,92,249,2.829628,70.58759,14.6569,3.459995,15.22737,0.0333558,8,0
567.3,93,256,2.879706,70.76588,14.46057,3.560884,15.52041,0.0343284,8,0
509.6,94,262,2.920543,70.96488,14.28738,3.65391,15.79066,0.0352252,8,0
440.2,95,289,2.947571,71.1405,14.21173,3.738061,16.26171,0.0360365,8,0
404.5,96,292,2.973025,71.1972,14.17882,3.812716,16.65668,0.0367562,8,0
363.2,97,322,3.003526,71.1914,14.20073,3.891293,17.35757,0.0375137,8,0
377.9,98,342,3.058428,71.09323,14.23766,3.968967,18.24202,0.0382625,8,0
340.5,99,357,3.094968,71.19784,14.23856,4.056133,18.85673,0.0391028,8,0
282.3,77,62,2.625869,69.83115,17.53661,3.085722,14.32253,0.6346611,9,0
315,78,53,2.68661,69.85175,17.44055,3.091629,14.85216,0.635876,9,0
414.2,79,70,2.759993,69.8198,17.33737,3.095914,15.05221,0.6367573,9,0
412.5,80,69,2.878027,69.61651,17.24054,3.113174,15.03875,0.638993,9,0
448.1,81,68,2.987402,69.48974,17.18353,3.128839,15.19604,0.6422083,9,0
399.5,82,95,3.083773,69.11452,16.99181,3.139012,15.3799,0.6442964,9,0
375,83,114,3.172015,68.65659,16.76026,3.162343,15.799,0.6490852,9,0
393.8,84,114,3.261486,68.23032,16.47208,3.180023,16.85922,0.6527141,9,0
402,85,119,3.348601,67.74603,16.17114,3.201128,17.37454,0.657046,9,0
425.8,86,127,3.435485,67.21826,15.87937,3.223737,18.21454,0.6616866,9,0
419,87,135,3.523706,66.7266,15.53988,3.247291,19.20191,0.6665211,9,0
455.4,88,144,3.617498,66.2566,15.22223,3.271958,20.21389,0.6715842,9,0
511.8,89,146,3.704991,65.67208,14.87585,3.283409,20.71499,0.6739345,9,0
553.7,90,194,3.790024,67.24413,14.53457,3.289056,20.37283,0.6788557,9,0
539.7,91,238,3.877986,66.6134,14.12867,3.28864,19.63685,0.6787698,9,0
495.3,92,263,3.949469,66.03352,13.75824,3.274997,20.33085,0.675954,9,0
456.2,93,268,4.025792,65.46114,13.45976,3.272325,20.39578,0.6754025,9,0
455.5,94,320,4.081422,65.08693,13.17764,3.268346,20.5175,0.6745812,9,0
405.9,95,321,4.132952,64.80254,12.9683,3.265293,20.89334,0.6739511,9,0
412,96,318,4.208807,64.68811,12.81999,3.26703,21.25472,0.6743096,9,0
390.9,97,314,4.299477,64.64516,12.72505,3.268514,22.1194,0.6746159,9,0
366.3,98,397,4.391971,64.35552,12.7314,3.272563,23.13307,0.6754516,9,0
345.6,99,372,4.480762,64.13895,12.77051,3.282031,23.64671,0.6774058,9,0
382.1,77,118,5.74693,64.15755,18.57513,0.591829,13.00897,0.2986019,10,0
440.7,78,120,5.840172,64.10252,18.42085,0.594777,13.22942,0.3000893,10,0
537.3,79,173,5.939507,63.96815,18.25366,0.594982,13.10123,0.3001927,10,0
474.8,80,181,6.039646,63.20911,17.99573,0.594919,13.06083,0.3079291,10,0
509,81,183,6.12362,63.02656,17.87335,0.595971,13.01281,0.3084736,10,0
559.8,82,208,6.171387,62.56893,17.69248,0.599136,13.13426,0.3101118,10,0
453.1,83,250,6.215406,62.10418,17.44423,0.605415,13.529,0.3133618,10,0
435.7,84,273,6.255918,61.66697,17.14883,0.611517,14.20854,0.3165202,10,0
433.3,85,263,6.296459,61.20521,16.85876,0.618284,14.86786,0.3200228,10,0
427,86,281,6.34046,60.80499,16.5373,0.627557,15.25393,0.3248225,10,0
430.7,87,311,6.404671,60.48524,16.2124,0.636957,15.72724,0.3296879,10,0
451.7,88,326,6.478223,60.15025,15.85676,0.647585,16.2607,0.3351889,10,0
556.5,89,331,6.554518,59.82942,15.51852,0.658233,16.80679,0.3407003,10,0
655.2,90,333,6.6351,61.46357,15.20903,0.669063,16.48663,0.3422317,10,0
714.3,91,323,6.794319,61.005,14.92472,0.680495,16.332,0.3480793,10,0
621.2,92,344,6.956813,60.55497,14.65491,0.690158,16.39674,0.353022,10,0
685.9,93,390,7.09718,60.17885,14.39437,0.699475,16.41405,0.3577877,10,0
644.3,94,394,7.244331,59.73326,14.18362,0.708416,16.48416,0.3623611,10,0
725,95,400,7.419685,59.49879,13.96769,0.718265,16.60571,0.367399,10,0
668.3,96,413,7.576778,59.17424,13.79513,0.72709,16.9164,0.371913,10,0
677.9,97,428,7.754169,58.77142,13.67493,0.735024,17.01975,0.3759713,10,0
762.4,98,443,7.950773,58.3795,13.57648,0.744066,17.85342,0.3805964,10,0
734,99,429,8.134692,58.07962,13.49182,0.753538,18.3592,0.3854414,10,0
1426.5,77,334,25.80589,21.91194,18.15841,0.677229,15.95009,11.10212,11,0
1411.7,78,330,25.82674,21.99967,18.04598,0.665051,15.96454,10.90248,11,0
1608.7,79,383,25.86125,22.06764,17.92189,0.650015,15.55299,10.65598,11,0
2010.6,80,433,25.68026,21.78043,17.60016,0.638284,14.92752,10.13149,11,0
2274.8,81,426,25.58024,22.42587,17.62946,0.636894,14.82888,10.10943,11,0
2123.1,82,467,25.38574,22.97488,17.52571,0.634171,15.27876,10.06621,11,0
1915.4,83,531,25.07103,23.42597,17.24135,0.632439,15.532,10.03871,11,0
1721.5,84,558,24.8133,23.85827,17.01343,0.633382,16.42383,10.05368,11,0
1624.8,85,649,24.52111,24.20183,16.74339,0.634543,16.8319,10.07211,11,0
1505.3,86,738,24.27641,24.54855,16.52195,0.638278,17.29827,10.1314,11,0
1610.3,87,753,24.04692,24.80383,16.23433,0.636934,17.76013,10.11006,11,0
1921.6,88,905,23.84928,25.05639,15.95927,0.63043,18.89448,10.00683,11,0
2141.9,89,1078,23.58799,25.25086,15.64346,0.624165,19.52173,9.907381,11,0
2458.2,90,1132,23.41714,26.08502,15.29709,0.603814,20.28977,9.89859,11,0
2453.3,91,1148,23.34388,25.52125,14.92299,0.593239,20.51771,9.725229,11,0
2832.8,92,1221,23.30794,25.4095,14.55931,0.584183,21.30923,9.576771,11,0
2921.8,93,1287,22.92985,25.70434,14.05723,0.576358,21.81718,9.448492,11,0
2662.6,94,1549,22.56992,26.08649,13.6392,0.564982,22.0033,9.262,11,0
2661.4,95,1782,22.26011,26.44189,13.2945,0.551273,21.61143,9.037263,11,0
2469.8,96,1650,21.94686,27.00581,12.88547,0.538273,21.84464,8.824147,11,0
2024.2,97,1611,21.79755,27.66836,12.6583,0.528752,22.47337,8.668065,11,0
1718.5,98,1682,21.84068,28.44929,12.41844,0.521426,22.89234,8.547967,11,0
1627.7,99,1913,21.66975,29.27457,12.21368,0.519,23.39974,8.508196,11,0
686.8,77,211,5.08674,60.00757,16.37442,8.856183,11.52444,0.1637305,12,0
765.6,78,221,5.038732,59.9397,16.13016,9.102032,12.10329,0.1682757,12,0
833.9,79,239,5.018184,60.12845,15.97145,9.426159,12.18199,0.1742681,12,0
983.5,80,220,5.078043,59.85242,15.73494,9.839835,12.14924,0.1817043,12,0
965.1,81,208,5.139825,59.93149,15.72342,10.19278,12.26972,0.1882218,12,0
896.8,82,224,5.180603,59.84478,15.58158,10.47141,12.16625,0.1933671,12,0
826.7,83,261,5.210392,59.69122,15.42759,10.74984,12.637,0.1985088,12,0
868,84,235,5.222791,59.50279,15.17453,11.03992,13.19968,0.2038653,12,0
941.1,85,242,5.236619,59.25166,14.92604,11.35112,13.61683,0.2096121,12,0
1036.5,86,247,5.24706,58.90889,14.66731,11.6675,14.01951,0.2154544,12,0
1024.4,87,272,5.271782,58.623,14.38565,11.99729,14.39595,0.2215443,12,0
1117.7,88,265,5.288664,58.21194,14.08954,12.3064,14.81331,0.2272523,12,1
1109.4,89,278,5.319287,57.87771,13.86584,12.63771,15.29313,0.2333704,12,1
1244.3,90,307,5.353076,59.33008,13.6879,13.01836,15.12951,0.2410942,12,1
1184.3,91,336,5.456843,58.97432,13.38398,13.2895,14.75816,0.2461155,12,1
1207.2,92,344,5.591074,58.52879,13.16867,13.50478,14.66931,0.2501023,12,1
1206,93,355,5.693723,57.94917,12.93066,13.71359,14.91823,0.2539695,12,1
1146.8,94,384,5.809861,57.54924,12.71791,13.9618,15.01248,0.2585662,12,1
1071,95,406,5.931224,57.33018,12.58249,14.1854,15.37685,0.2627072,12,1
1051,96,447,6.044211,57.11045,12.51724,14.42691,15.63116,0.2671799,12,1
1023.6,97,439,6.174477,57.02666,12.50534,14.68335,15.97274,0.271929,12,1
938.7,98,437,6.283623,57.05493,12.50831,14.90823,16.45484,0.2760937,12,1
854,99,447,6.394272,57.11421,12.52576,15.11124,16.61304,0.2798534,12,1
439.8,77,225,8.995614,55.27949,18.80287,5.219699,10.22732,0.0898817,13,0
482.8,78,224,9.080371,55.13272,18.61688,5.295753,10.67919,0.0911913,13,0
558.7,79,216,9.193938,54.98414,18.44075,5.401385,10.59458,0.0930103,13,0
555.3,80,224,9.368551,54.87352,18.32683,5.486174,10.24507,0.094498,13,0
548.2,81,219,9.516834,54.79004,18.21969,5.568343,10.34076,0.0959133,13,0
478.2,82,220,9.618777,54.68195,18.08953,5.649793,10.37573,0.0973163,13,0
456.7,83,247,9.689654,54.56527,17.91106,5.728254,10.849,0.0986677,13,0
478.6,84,259,9.735667,54.50443,17.67456,5.834957,11.68542,0.1005057,13,0
507.2,85,254,9.769167,54.40846,17.43874,5.962668,12.17042,0.1027055,13,0
587.6,86,251,9.778049,54.31058,17.17435,6.08466,12.71691,0.1048067,13,0
576.5,87,265,9.782475,54.23222,16.87653,6.20847,12.99714,0.1069393,13,0
665.3,88,282,9.798496,54.05778,16.63891,6.316153,13.36759,0.1087941,13,0
735.8,89,281,9.818057,53.84161,16.4105,6.411085,13.49281,0.1104293,13,0
756.3,90,300,9.871989,55.20558,16.19728,6.506531,13.51636,0.1123385,13,1
738.2,91,327,10.00728,54.94827,15.89805,6.621279,13.36926,0.1143196,13,1
733.2,92,342,10.13363,54.66885,15.64598,6.759474,13.72643,0.1167056,13,1
723.1,93,365,10.25108,54.34254,15.38986,6.894092,13.86888,0.1190299,13,1
667.7,94,387,10.39586,54.12839,15.14298,7.0459,14.22624,0.1216509,13,1
657.1,95,456,10.52201,53.94292,14.94876,7.188538,14.53842,0.1241136,13,1
638.7,96,470,10.65336,53.72744,14.80887,7.332225,14.97711,0.1265945,13,1
606.6,97,462,10.80586,53.5205,14.71933,7.486094,15.24307,0.1292511,13,1
572.7,98,472,10.94355,53.32244,14.67237,7.636522,15.9746,0.1318483,13,1
534,99,502,11.10859,53.18856,14.62885,7.78824,16.33975,0.1344678,13,1
224.8,77,39,26.65354,24.28329,20.5375,0.918257,13.73726,0.1429194,15,0
270.1,78,44,26.78969,23.98426,20.36709,0.931586,13.97814,0.1449939,15,0
289.7,79,57,26.94793,23.73469,20.07941,0.953305,13.97794,0.1483743,15,0
299.5,80,58,26.97957,23.51738,19.69567,0.96771,13.91801,0.1506163,15,0
247.6,81,65,25.1352,27.77328,19.52127,0.978174,13.49066,0.152245,15,0
255.7,82,77,25.15592,27.5246,19.04051,0.993802,13.34066,0.1546773,15,0
252.1,83,88,25.01153,27.45545,18.63502,1.012717,13.88,0.1576213,15,0
231.9,84,103,24.82482,27.2599,18.31653,1.027935,14.30061,0.1599899,15,0
219.4,85,124,24.72177,27.02564,17.90892,1.039683,14.53172,0.1618184,15,0
245.2,86,134,24.64585,26.86471,17.56933,1.051759,14.91578,0.1636979,15,0
263.3,87,142,24.64091,26.72901,17.23383,1.067911,15.25278,0.1662118,15,0
257.1,88,141,24.6308,26.48869,16.83211,1.079823,15.90622,0.1680658,15,0
270.1,89,136,24.63831,26.23444,16.53651,1.094584,16.49362,0.1703633,15,0
280.9,90,142,24.85353,26.38754,16.16793,1.112703,17.06194,0.1732373,15,0
241.8,91,150,24.66962,26.44024,15.76782,1.131412,16.92631,0.1761501,15,0
258.4,92,153,24.46166,26.49997,15.44691,1.149926,17.20117,0.1790325,15,0
261.2,93,164,24.25993,26.32638,15.09606,1.161508,17.24291,0.1808357,15,0
262.2,94,198,24.07439,26.25737,14.79892,1.173903,17.02512,0.1827655,15,0
295.6,95,202,23.95598,26.10543,14.50059,1.18049,16.73194,0.1837911,15,0
280.6,96,217,23.9511,26.01487,14.22114,1.184434,16.29473,0.1844051,15,0
277.9,97,249,24.03664,26.00187,13.96745,1.189322,16.30063,0.1851661,15,0
246.9,98,288,24.09624,26.04379,13.86349,1.190472,16.33325,0.1853452,15,0
235,99,307,24.16387,26.08433,13.68127,1.185497,16.46473,0.1845706,15,0
236.9,77,82,0.7693518,70.72501,18.70859,0.883471,10.70244,0.0106858,16,0
236.4,78,87,0.7953302,70.47297,18.4472,0.910691,11.18343,0.011015,16,0
288.7,79,91,0.8045025,70.13862,18.18274,0.932626,10.83057,0.0112804,16,0
313.4,80,92,0.8417872,69.79239,17.95602,0.947983,10.56061,0.011503,16,0
283.3,81,87,0.8455596,69.53201,17.68889,0.962203,10.30788,0.0116755,16,0
259.2,82,99,0.8571174,69.1673,17.32402,0.973729,9.928871,0.0118154,16,0
238.7,83,107,0.8737516,68.87727,17.02201,0.981858,10.315,0.011914,16,0
235.3,84,121,0.894089,68.74544,16.71792,0.990841,10.61517,0.012023,16,0
234.8,85,127,0.9220901,68.65839,16.44944,0.994046,10.78512,0.0120619,16,0
222.5,86,133,0.9490763,68.49204,16.20034,0.990226,10.87891,0.0120156,16,0
214.2,87,144,0.9795899,68.47251,15.99648,0.985004,11.05985,0.0119522,16,0
234.7,88,144,1.013626,68.5293,15.8046,0.985669,11.40742,0.0119603,16,0
254.6,89,157,1.052668,68.68022,15.70031,0.994426,11.88681,0.0120665,16,0
275.7,90,180,1.085008,70.69105,15.65983,1.011882,12.08989,0.012228,16,0
290.3,91,190,1.103555,71.35117,15.60041,1.038915,11.83854,0.0125547,16,1
281.4,92,205,1.128468,71.66949,15.64618,1.06649,12.23756,0.0128879,16,1
281.8,93,209,1.165088,72.03497,15.71289,1.101204,12.57976,0.0133074,16,1
285.8,94,234,1.162437,72.30266,15.73883,1.135459,12.66451,0.0137214,16,1
322,95,245,1.186352,72.63202,15.78395,1.165,12.83802,0.0140784,16,1
267.2,96,283,1.186826,72.77551,15.82892,1.187706,12.92416,0.0143528,16,1
256.8,97,319,1.210849,72.91081,15.86725,1.210638,12.93978,0.0146299,16,1
282.2,98,323,1.241914,72.94096,15.84445,1.230923,13.39434,0.014875,16,1
244.9,99,330,1.250619,73.22482,15.79188,1.2517,13.67686,0.0151261,16,1
630.6,77,87,5.314545,62.96043,18.08612,11.38632,13.78494,0.2042462,17,0
676.7,78,95,5.416671,62.7687,17.97922,11.41256,14.17526,0.204717,17,0
743.9,79,96,5.51595,62.54858,17.90405,11.39684,14.0534,0.2044349,17,0
808,80,95,5.659422,62.0413,17.79839,11.4347,13.39209,0.2054938,17,0
792.5,81,94,5.717615,61.88957,17.69374,11.44346,13.426,0.2056512,17,0
774.3,82,113,5.786729,61.5728,17.50049,11.42341,13.17967,0.2052909,17,0
728.1,83,119,5.830409,61.23556,17.25182,11.40882,13.289,0.2050287,17,0
724.9,84,135,5.887696,60.88976,17.00621,11.41214,14.08004,0.2050883,17,0
714.8,85,149,5.935356,60.61123,16.73879,11.3998,14.36041,0.2048666,17,0
808.9,86,161,5.984066,60.26858,16.44861,11.38726,14.80216,0.2046412,17,0
796.2,87,168,6.044029,60.00742,16.14987,11.39118,15.16245,0.2047116,17,0
810.4,88,171,6.104655,59.83682,15.87374,11.39018,15.54416,0.2046936,17,0
845.9,89,181,6.170642,59.59296,15.61103,11.40979,15.7661,0.205046,17,0
967.4,90,211,6.253667,61.30873,15.35439,11.44698,15.81607,0.2059068,17,0
1039.2,91,234,6.289829,61.05313,15.07635,11.53597,15.58492,0.2075077,17,0
977.3,92,247,6.34584,60.84206,14.82899,11.6352,16.16244,0.2092925,17,0
959.7,93,271,6.404929,60.66113,14.5957,11.72598,16.11296,0.2109255,17,0
960.9,94,294,6.450367,60.46421,14.39548,11.80499,16.42368,0.2123466,17,0
996.1,95,310,6.498252,60.30975,14.2654,11.88494,16.77052,0.2137847,17,0
890.4,96,317,6.53061,60.21309,14.18194,11.953,17.14817,0.2150091,17,0
861.4,97,327,6.582279,60.15479,14.11023,12.01151,17.60908,0.2160615,17,0
807.7,98,342,6.644557,60.22058,14.08345,12.06977,18.33367,0.2171096,17,0
732.5,99,357,6.703696,60.3039,14.05192,12.12837,18.62052,0.2181636,17,0
310.6,77,79,2.6976,67.79831,18.27271,5.425637,11.83516,0.1503071,18,1
323.5,78,80,2.725104,67.7674,18.11898,5.470213,12.23317,0.151542,18,1
338,79,82,2.755229,67.68886,17.97917,5.501176,12.09281,0.1523998,18,1
377.8,80,98,2.823509,67.90417,17.9503,5.490721,11.42384,0.1528087,18,1
341.6,81,114,2.854706,67.83166,17.82692,5.480425,11.34908,0.1525221,18,1
300.6,82,138,2.872222,67.70847,17.6267,5.467927,11.04034,0.1521743,18,1
283.8,83,152,2.885897,67.52014,17.3782,5.450402,11.203,0.1516866,18,1
305.2,84,164,2.905413,67.398,17.10892,5.458328,11.93476,0.1519072,18,1
309.4,85,165,2.925127,67.2464,16.84403,5.459216,12.17042,0.1519319,18,1
307.7,86,175,2.938516,67.04064,16.54667,5.454114,12.56329,0.1517899,18,1
328.5,87,181,2.961735,66.8979,16.23834,5.473009,12.86033,0.1523157,18,1
380,88,192,2.994701,66.76343,15.94941,5.491734,13.14867,0.1528369,18,1
406.5,89,202,3.025771,66.50909,15.64921,5.523684,13.46631,0.153726,18,1
473.9,90,217,3.074402,68.73007,15.39386,5.555097,13.43025,0.1548675,18,1
505.3,91,223,3.103143,68.65849,15.18651,5.602062,13.1982,0.1561768,18,1
508.5,92,226,3.153816,68.592,14.99706,5.648649,13.68099,0.1574756,18,1
489.1,93,242,3.194074,68.5289,14.83638,5.701965,13.85717,0.158962,18,1
525.1,94,250,3.237767,68.3758,14.6568,5.745626,14.21482,0.1601792,18,1
524.7,95,258,3.273013,68.29259,14.53459,5.791819,14.28663,0.1614669,18,1
537,96,275,3.305725,68.28423,14.45186,5.834908,14.46212,0.1626682,18,1
514.6,97,286,3.355477,68.14533,14.38239,5.87237,14.74751,0.1637126,18,1
431,98,301,3.392214,68.09436,14.30045,5.907617,15.36054,0.1646952,18,1
374.6,99,321,3.437446,68.08481,14.19487,5.942901,15.64189,0.1656789,18,1
144,77,66,0.685653,70.63897,18.09675,2.913573,11.97325,0.052083,19,0
161.4,78,70,0.7171861,70.57121,17.97955,2.918071,12.89326,0.0521634,19,0
181.2,79,70,0.7449912,70.48128,17.87537,2.915739,12.50441,0.0521217,19,0
200.4,80,72,0.7836602,70.29703,17.76132,2.914018,11.69224,0.0520686,19,0
204.2,81,86,0.8174417,70.04603,17.54038,2.907975,12.02093,0.0519606,19,0
172.7,82,88,0.8431925,69.69798,17.23204,2.88819,11.58626,0.0516071,19,0
181.1,83,93,0.8671857,69.30383,16.88523,2.87055,11.485,0.0512919,19,0
198.7,84,92,0.8918277,68.98267,16.52477,2.858624,12.27328,0.0510788,19,0
211.7,85,97,0.9249439,68.6693,16.1795,2.829685,12.40377,0.0505617,19,0
235.1,86,98,0.9559214,68.29514,15.8061,2.791966,12.74418,0.0498877,19,0
231.2,87,98,0.9885779,68.13417,15.44967,2.767005,13.06642,0.0494417,19,0
256.8,88,101,1.023085,68.14285,15.16346,2.768392,12.89523,0.0494665,19,0
266.3,89,107,1.061725,67.98687,14.87516,2.770585,13.29929,0.0495057,19,0
299.7,90,126,1.099156,70.36103,14.6755,2.779769,13.24356,0.0497498,19,0
303.3,91,139,1.145482,70.44009,14.57194,2.791227,13.05493,0.0499548,19,0
278,92,144,1.194725,70.6496,14.48829,2.806923,13.44669,0.0502358,19,0
325.5,93,160,1.239237,70.71407,14.4337,2.820525,13.04208,0.0504792,19,0
315.1,94,174,1.284927,70.80584,14.36569,2.829422,13.77466,0.0506384,19,0
354.4,95,192,1.322205,70.96812,14.33379,2.84086,13.85237,0.0508431,19,0
272.5,96,207,1.351952,71.02967,14.32462,2.848473,14.42276,0.0509794,19,0
310,97,222,1.369852,71.10349,14.28554,2.854396,14.78042,0.0510854,19,0
311.5,98,243,1.38377,71.19295,14.23063,2.861025,15.18518,0.051204,19,0
280,99,258,1.413076,71.35867,14.14049,2.869413,15.3076,0.0513541,19,0
309.8,77,91,2.339736,67.85155,18.43249,2.320647,12.01271,0.0283743,20,0
318.2,78,97,2.389649,67.62933,18.20952,2.335657,12.3493,0.0285578,20,0
353.6,79,98,2.457519,67.38694,18.05302,2.350908,12.67728,0.0287443,20,0
389.3,80,95,2.570198,67.20489,17.9423,2.369039,12.13594,0.0289691,20,0
369.4,81,106,2.621958,66.98371,17.80109,2.384859,12.32781,0.0291626,20,0
335.9,82,116,2.654577,66.67711,17.5309,2.401211,12.37265,0.0293626,20,0
326.6,83,129,2.688512,66.37502,17.25579,2.415537,12.373,0.0295377,20,0
334.2,84,152,2.716664,66.07586,16.88186,2.424076,13.04432,0.0296422,20,0
355.8,85,173,2.768463,65.7078,16.58557,2.427412,13.26958,0.0296829,20,0
368.8,86,192,2.815035,65.43351,16.23701,2.432616,13.54774,0.0297466,20,0
360.7,87,217,2.860774,65.15877,15.90991,2.445387,13.66629,0.0299027,20,0
365.2,88,233,2.915734,65.0228,15.6331,2.461987,13.7507,0.0301057,20,0
400.8,89,232,2.955258,64.77983,15.37131,2.472847,13.72568,0.0302385,20,0
447.7,90,222,3.021466,66.75621,15.15296,2.480683,13.85468,0.0303177,20,0
499.6,91,227,3.038503,66.77325,15.03277,2.495209,13.76619,0.0304952,20,0
510.8,92,231,3.129085,66.91853,14.89706,2.526042,14.16805,0.030872,20,0
496.4,93,238,3.143266,67.08665,14.80304,2.547605,14.13139,0.0311356,20,0
443,94,226,3.172606,67.2344,14.74646,2.569118,14.34854,0.0313985,20,0
420.7,95,248,3.202391,67.45663,14.70315,2.586942,14.31541,0.0316163,20,0
413.8,96,274,3.211065,67.61414,14.65681,2.598266,14.68184,0.0317547,20,0
409.2,97,301,3.231118,67.69551,14.68747,2.616339,15.12632,0.0319756,20,0
397,98,304,3.272751,67.77126,14.7296,2.638667,15.64527,0.0322485,20,0
382.8,99,310,3.327742,67.8686,14.74104,2.654052,15.96959,0.0324365,20,0
233.6,77,107,2.610464,67.92831,18.65448,3.573694,10.02018,0.090131,21,0
223.2,78,106,2.616112,67.94283,18.46192,3.609976,10.36595,0.0910461,21,0
248,79,97,2.636384,67.92229,18.32852,3.641806,10.48208,0.0918488,21,0
266.7,80,105,2.674675,67.81461,18.19773,3.664221,9.951279,0.0923699,21,0
289.5,81,99,2.684296,67.84683,18.02538,3.670385,9.98456,0.0925253,21,0
315,82,114,2.693218,67.86681,17.83943,3.683437,9.895847,0.0928543,21,0
322.2,83,110,2.696076,67.87104,17.59574,3.69448,9.859,0.0931327,21,0
277.8,84,127,2.689983,67.74832,17.30419,3.695451,10.60846,0.0931571,21,0
305.5,85,128,2.704782,67.71535,17.04153,3.694827,10.70271,0.0931414,21,0
334.4,86,133,2.710441,67.63098,16.72124,3.687813,10.90345,0.0929646,21,0
337.8,87,142,2.718658,67.61863,16.42337,3.683325,11.20981,0.0928515,21,0
330.1,88,147,2.734345,67.65378,16.13319,3.680003,11.42594,0.0927677,21,0
356.9,89,191,2.746925,67.61806,15.8395,3.677312,11.72541,0.0926999,21,0
390.4,90,222,2.776728,69.96033,15.59848,3.692584,11.79881,0.0929373,21,0
438,91,241,2.785835,69.9856,15.37847,3.714686,11.87217,0.0934936,21,0
535.5,92,262,2.814295,69.97852,15.20441,3.756358,12.2972,0.0945424,21,0
462.7,93,274,2.812286,70.01945,15.0212,3.792288,12.27454,0.0954467,21,0
444,94,274,2.828954,69.9761,14.83783,3.823215,12.44141,0.0962251,21,0
364.7,95,288,2.841607,70.02628,14.68603,3.855248,12.56661,0.0970313,21,0
320.5,96,311,2.857448,70.04683,14.55364,3.881051,12.79842,0.0976807,21,0
316.9,97,331,2.878564,69.90127,14.46816,3.907816,13.17824,0.0983544,21,1
284,98,372,2.916852,70.05663,14.34948,3.93431,13.66074,0.0990212,21,1
300.6,99,379,2.947063,70.29076,14.22267,3.960825,13.88975,0.0996885,21,1
524.8,77,120,9.91717,52.29824,19.26863,4.014462,10.08594,0.0893492,22,0
584.9,78,152,9.941655,52.32671,19.18889,4.068578,10.62113,0.0905537,22,0
676.3,79,184,9.950658,52.26536,19.03989,4.137666,10.71944,0.0920914,22,0
665,80,190,10.07009,52.01642,18.88283,4.223101,10.6791,0.0948564,22,0
638.3,81,211,10.18019,51.95408,18.76897,4.283298,11.00055,0.0962085,22,0
669.1,82,216,10.24866,51.83288,18.54009,4.35261,10.89585,0.0977653,22,0
640.9,83,251,10.2715,51.59832,18.17694,4.395316,10.865,0.0987246,22,0
678,84,290,10.31587,51.28816,17.83558,4.400474,11.15125,0.0988404,22,0
694.2,85,310,10.35707,50.92176,17.48074,4.408121,11.22405,0.0990122,22,0
758.2,86,308,10.37283,50.47743,17.08201,4.406918,10.93345,0.0989852,22,0
693,87,316,10.43954,50.08353,16.73912,4.344129,10.75728,0.0975748,22,0
717.4,88,346,10.52598,49.70518,16.41509,4.288835,11.04115,0.0963329,22,0
781.8,89,370,10.61883,49.49004,16.10294,4.252906,11.23959,0.0955258,22,0
898.4,90,396,10.77563,51.18166,15.82794,4.219179,11.59993,0.0968457,22,0
951,91,427,10.87662,50.99825,15.7049,4.24095,11.75156,0.0973454,22,0
984.6,92,462,11.0058,50.81783,15.58374,4.270849,12.04728,0.0980317,22,1
1061.7,93,484,11.15636,50.63774,15.44625,4.284749,12.20701,0.0983508,22,1
981.9,94,522,11.25805,50.49049,15.3459,4.3065,12.61949,0.09885,22,1
1007.4,95,556,11.38109,50.39554,15.28652,4.327978,12.77981,0.099343,22,1
929.1,96,578,11.50664,50.31187,15.22261,4.338763,12.86129,0.0995906,22,1
855.9,97,615,11.59418,50.23799,15.14679,4.35139,13.17017,0.0998804,22,1
779.5,98,672,11.67677,50.2277,15.07427,4.362758,13.65646,0.1001413,22,1
732.7,99,736,11.7578,50.20788,14.99215,4.372035,13.65772,0.1003543,22,1
224.7,77,57,0.3591956,72.24625,18.01832,1.103577,10.09745,0.0356914,23,0
207.7,78,61,0.3714197,72.36075,17.84332,1.113565,10.31553,0.0360144,23,0
202.5,79,53,0.3794884,72.46732,17.66768,1.122564,10.28588,0.0363054,23,0
193.4,80,58,0.4009371,72.38139,17.53962,1.12686,10.16527,0.0363562,23,0
195.6,81,61,0.4271765,72.41499,17.39059,1.133021,10.11718,0.036555,23,0
163,82,71,0.4495533,72.28526,17.15235,1.136684,10.18894,0.0366731,23,1
159.6,83,69,0.4685661,72.15456,16.86358,1.144769,10.551,0.036934,23,1
158.5,84,75,0.4877859,72.09315,16.51394,1.15563,11.18674,0.0372844,23,1
167.5,85,72,0.5115505,71.89352,16.21613,1.162935,11.60556,0.0375201,23,1
147,86,83,0.5308853,71.6749,15.89844,1.170121,12.23787,0.0377519,23,1
152.1,87,106,0.550073,71.55804,15.5957,1.18457,12.79981,0.0382181,23,1
157.4,88,106,0.5722569,71.5842,15.3005,1.20383,13.31455,0.0388395,23,1
137.2,89,100,0.5936338,71.46689,14.98429,1.219944,13.55946,0.0393594,23,1
143.2,90,116,0.6135811,73.81962,14.65147,1.231296,13.319,0.039893,23,1
132.1,91,118,0.6260932,73.74602,14.39132,1.235439,12.91092,0.0400272,23,1
130.9,92,123,0.6442252,73.66696,14.11032,1.235748,13.0285,0.0400372,23,1
125.7,93,121,0.6439703,73.72951,13.93718,1.238256,12.96009,0.0401184,23,1
129.9,94,116,0.6440239,73.79119,13.72625,1.237687,13.12483,0.0401,23,1
131.4,95,113,0.6617705,74.01494,13.62509,1.237438,13.23696,0.040092,23,1
124.9,96,107,0.6695472,74.31354,13.58757,1.241436,13.52106,0.0402215,23,1
120.8,97,108,0.6919287,74.57877,13.52939,1.245215,13.85078,0.0403439,23,1
125.8,98,124,0.7122738,74.81993,13.49889,1.247554,14.37622,0.0404197,23,1
112.2,99,125,0.729426,75.10503,13.45536,1.25304,14.70004,0.0405974,23,1
693.8,77,192,8.315102,59.80103,18.56987,4.169594,13.466,0.4215544,24,0
732,78,198,8.572083,59.47229,18.43057,4.183604,13.84674,0.4229708,24,0
795.5,79,193,8.846709,59.09584,18.30093,4.191163,13.76802,0.423735,24,0
852.4,80,187,9.062828,58.11522,18.00405,4.227643,13.57707,0.4297695,24,0
887.1,81,183,9.294334,57.74186,17.82723,4.261908,13.59369,0.4332528,24,0
850,82,218,9.449821,57.23314,17.56576,4.282917,13.66987,0.4353885,24,0
807.1,83,244,9.593448,56.66724,17.30929,4.313319,14.228,0.4384791,24,0
792.3,84,277,9.715621,56.08654,16.96554,4.365238,15.04959,0.4437571,24,0
834.6,85,285,9.815696,55.51143,16.58506,4.413075,15.70589,0.44862,24,0
833,86,279,9.923585,54.97762,16.2491,4.486957,16.33109,0.4561306,24,0
767.8,87,280,10.00187,54.49474,15.91165,4.565578,16.85243,0.464123,24,0
806.8,88,282,10.12178,53.95152,15.57148,4.657908,17.36709,0.473509,24,0
855.4,89,291,10.23037,53.39462,15.24628,4.727298,17.6668,0.480563,24,0
919,90,323,10.34606,54.47374,14.95992,4.797431,17.54353,0.4907858,24,0
956.2,91,348,10.4767,53.90336,14.56282,4.856176,17.2304,0.4967955,24,0
1000.1,92,366,10.63593,53.36663,14.23175,4.902545,17.29418,0.5015391,24,0
997.8,93,381,10.80699,52.75498,13.93569,4.942504,17.29666,0.505627,24,0
948,94,383,10.98084,52.30801,13.65324,4.985411,17.50291,0.5100165,24,0
986.9,95,395,11.13262,51.92822,13.45126,5.02365,17.58998,0.5139284,24,0
931.2,96,404,11.35408,51.63616,13.30807,5.057142,17.68094,0.5173547,24,0
846.6,97,412,11.5277,51.32299,13.24866,5.092914,18.14686,0.5210142,24,0
796.6,98,413,11.68855,51.06369,13.2526,5.130072,18.84385,0.5248156,24,0
743.4,99,418,11.85378,50.83417,13.30775,5.171634,19.44517,0.5290675,24,0
425.3,77,46,1.724251,70.84088,17.98316,5.738201,12.55358,0.7332227,25,0
462,78,48,1.768283,70.9734,17.90687,5.73647,12.95744,0.7330015,25,0
531.3,79,49,1.848022,71.03321,17.85132,5.738406,12.99558,0.7332489,25,0
601.3,80,50,1.959807,70.91966,17.80774,5.746075,12.90366,0.7344165,25,0
628.6,81,56,2.084791,70.83539,17.76568,5.768683,12.96568,0.7373061,25,0
571.4,82,65,2.199134,70.54771,17.62825,5.771226,13.2127,0.7376311,25,0
576.8,83,77,2.317014,70.15474,17.44664,5.799403,13.859,0.7412325,25,0
523.7,84,79,2.424114,69.82819,17.20547,5.840772,14.91149,0.74652,25,0
538.2,85,84,2.532588,69.40924,16.93458,5.880743,15.48272,0.7516287,25,0
556.9,86,88,2.635446,68.89589,16.62209,5.902682,16.32018,0.7544328,25,0
564.6,87,92,2.732558,68.4094,16.26856,5.935209,17.10501,0.7585901,25,0
619.6,88,102,2.835594,68.05308,15.93803,5.979981,17.96323,0.7643125,25,0
675,89,109,2.935843,67.52338,15.57111,6.015479,18.03377,0.7688496,25,0
736.3,90,122,3.025422,69.19524,15.20686,6.018664,17.69593,0.7678826,25,0
736.1,91,132,3.097413,68.4557,14.80334,5.998652,17.36052,0.7653294,25,0
779,92,143,3.176355,67.97533,14.44555,5.993474,17.66196,0.7646688,25,0
804.9,93,161,3.254629,67.48496,14.12593,6.010884,17.6825,0.76689,25,0
707.6,94,154,3.325291,67.2147,13.82065,6.031352,18.03715,0.7695014,25,0
687.2,95,174,3.413074,67.07729,13.5801,6.062335,18.34535,0.7734544,25,0
642.2,96,170,3.489323,66.97061,13.38832,6.085393,18.80743,0.7763961,25,0
644.2,97,178,3.591577,66.94775,13.23652,6.115476,19.45593,0.7802343,25,0
621.3,98,278,3.675831,66.97878,13.13072,6.144407,20.41168,0.7839254,25,0
551,99,275,3.768917,67.02943,13.03218,6.175169,21.24515,0.7878501,25,0
584.7,77,137,4.589848,64.94021,18.70428,9.17111,13.08131,0.1614149,26,0
577.2,78,151,4.668867,64.84695,18.57604,9.217762,13.49835,0.162236,26,0
614.2,79,162,4.752085,64.72587,18.46948,9.266269,13.30977,0.1630897,26,0
639.5,80,163,4.9121,64.53066,18.39734,9.255553,12.53612,0.1625093,26,0
641.9,81,163,4.957617,64.3437,18.24191,9.209284,12.193,0.1616969,26,0
656.6,82,165,5.008369,64.04739,17.98322,9.115202,11.82878,0.160045,26,0
716.7,83,162,5.053564,63.67474,17.68139,9.047753,12.243,0.1588607,26,0
760.1,84,159,5.102147,63.40595,17.34668,9.049446,13.01938,0.1588904,26,0
734.1,85,161,5.158282,63.11989,17.00113,9.076297,13.64368,0.1593619,26,0
803.9,86,196,5.212474,62.83232,16.63797,9.127776,14.15586,0.1602658,26,0
780.1,87,227,5.270267,62.52574,16.251,9.187485,14.14601,0.1613141,26,0
741.7,88,259,5.31828,62.2057,15.90378,9.218,14.48072,0.1618499,26,0
709.2,89,298,5.376304,61.78036,15.54663,9.25329,14.67563,0.1624695,26,0
790.4,90,340,5.444306,63.41766,15.24828,9.310462,14.49476,0.1638906,26,0
803.1,91,366,5.481307,63.24012,14.99776,9.395022,14.12146,0.1653791,26,0
770.1,92,388,5.515503,63.13263,14.77741,9.470323,14.39738,0.1667046,26,0
791.5,93,413,5.555154,62.94234,14.59414,9.52924,14.73771,0.1677417,26,0
766.1,94,414,5.58915,62.84308,14.40718,9.584481,15.36326,0.1687141,26,0
687.8,95,427,5.636846,62.77747,14.30214,9.659871,15.67965,0.1700412,26,0
635.3,96,429,5.675034,62.8381,14.23101,9.739184,15.52384,0.1714374,26,0
590,97,440,5.724264,62.85872,14.17415,9.78545,15.87897,0.1722518,26,0
620.8,98,457,5.772889,62.91081,14.13376,9.820231,16.37602,0.172864,26,0
574.9,99,466,5.833841,62.94402,14.09948,9.863775,16.80619,0.1736305,26,0
193.8,77,41,0.9416787,71.22099,18.70508,3.989365,12.427,0.0503142,27,0
189.6,78,44,0.9856448,71.18407,18.56497,4.015341,12.94369,0.0506418,27,0
221,79,49,1.027376,71.14611,18.43942,4.050317,12.90915,0.051083,27,0
227.8,80,51,1.099408,71.29826,18.37938,4.085017,12.47688,0.0513529,27,0
228.5,81,49,1.190245,71.04656,18.13891,4.111674,12.40672,0.051688,27,0
219.3,82,49,1.267281,70.61434,17.78386,4.131444,12.37574,0.0519365,27,0
190.9,83,50,1.337603,70.1346,17.40413,4.141438,12.594,0.0520621,27,0
211.5,84,52,1.411142,69.76175,17.01439,4.157698,13.67054,0.0522665,27,0
256.4,85,52,1.491174,69.45553,16.65161,4.184286,13.97612,0.0526008,27,0
284.6,86,56,1.569578,69.1105,16.27346,4.205208,14.43583,0.0528638,27,0
285.4,87,58,1.646392,68.82535,15.89751,4.23514,14.82042,0.0532401,27,0
290.1,88,60,1.725913,68.66412,15.59573,4.296162,14.81246,0.0540072,27,0
288.3,89,64,1.809225,68.40837,15.29385,4.338045,15.2297,0.0545337,27,0
306.1,90,71,1.883991,70.15536,15.04357,4.387283,15.24838,0.0551049,27,0
316,91,72,1.938506,70.20422,14.80302,4.427429,14.97746,0.0556091,27,0
338,92,78,2.038956,70.13239,14.62573,4.471503,15.40558,0.0561627,27,0
353.9,93,85,2.126541,70.17619,14.4791,4.521709,15.20485,0.0567933,27,0
359,94,92,2.215273,70.19733,14.34696,4.566028,15.76982,0.0573499,27,0
356.1,95,100,2.314,70.28978,14.29538,4.605445,16.07728,0.057845,27,0
338.8,96,105,2.393086,70.42294,14.28865,4.647723,16.67954,0.058376,27,0
337.8,97,110,2.492936,70.42054,14.30564,4.687726,17.09178,0.0588785,27,0
310.2,98,113,2.597933,70.36256,14.34353,4.726411,18.00861,0.0593643,27,0
274,99,117,2.70455,70.39762,14.37508,4.775508,18.38372,0.059981,27,0
288.7,77,91,11.30086,47.1701,18.66394,2.459202,8.645796,0.051996,28,0
321.2,78,67,11.24283,47.24821,18.49264,2.487817,8.871568,0.052601,28,0
323.6,79,110,11.20169,47.29527,18.31144,2.507067,8.985228,0.053008,28,0
341.9,80,141,11.27336,47.1011,18.16803,2.525342,8.554884,0.0534656,28,0
304.6,81,132,11.36708,47.06833,18.12535,2.539051,8.659495,0.0537559,28,0
294.6,82,177,11.42994,46.95921,18.00418,2.556768,8.566631,0.054131,28,0
280.4,83,210,11.46199,46.82973,17.84062,2.56773,8.615,0.0543631,28,0
282,84,211,11.52065,46.61835,17.64359,2.578058,9.075017,0.0545817,28,0
270.9,85,229,11.52669,46.47882,17.39784,2.588097,9.187772,0.0547943,28,0
274.1,86,237,11.56171,46.41185,17.17962,2.593596,9.356337,0.0549107,28,0
269.8,87,249,11.61095,46.35433,16.91101,2.588539,9.570701,0.0548036,28,0
325.2,88,256,11.66387,46.27898,16.61277,2.580353,9.84719,0.0546303,28,0
311.2,89,277,11.73186,46.19701,16.32527,2.574273,10.06962,0.0545016,28,0
340.4,90,293,11.90866,48.01193,16.05819,2.577426,10.03097,0.0549394,28,0
389.1,91,307,12.05501,47.8049,15.93869,2.59123,10.09219,0.0552336,28,1
411.7,92,330,12.17902,47.48308,15.83059,2.610193,10.44481,0.0556378,28,1
433.9,93,327,12.33781,47.34798,15.77615,2.635574,10.65745,0.0561788,28,1
493.7,94,361,12.43913,47.248,15.65988,2.66345,11.12093,0.056773,28,1
502.8,95,395,12.54986,47.20134,15.57741,2.690788,11.23899,0.0573558,28,1
488.3,96,452,12.66153,47.11795,15.50349,2.709925,11.45794,0.0577637,28,1
469,97,482,12.7257,47.01833,15.4049,2.731826,11.72945,0.0582305,28,1
410.7,98,531,12.79877,47.03033,15.28058,2.751335,12.209,0.0586464,28,1
349.3,99,574,12.89336,47.0393,15.1223,2.768619,12.37023,0.0590148,28,1
460.4,77,105,3.646178,64.35242,17.50104,4.863175,11.4932,0.0704859,29,0
467.9,78,111,3.677466,64.30529,17.35882,4.8894,11.89854,0.070866,29,0
527.2,79,116,3.722172,64.122,17.22153,4.912428,11.95424,0.0711998,29,0
554.5,80,113,3.830339,64.24608,17.21838,4.921966,11.35251,0.0713897,29,0
540.2,81,112,3.873377,64.13373,17.12898,4.932079,11.46087,0.0715364,29,0
506.5,82,131,3.895451,63.91703,16.92983,4.929442,11.38812,0.0714982,29,0
477.2,83,147,3.912676,63.74535,16.64394,4.943727,11.716,0.0717054,29,0
460.7,84,162,3.934932,63.53048,16.38307,4.975283,12.42864,0.0721631,29,0
503.5,85,175,3.965899,63.32874,16.11904,5.000254,12.84177,0.0725253,29,0
578.6,86,194,3.993655,63.10036,15.81932,5.023068,13.18504,0.0728562,29,0
544.6,87,203,4.012938,62.981,15.5254,5.056695,13.37425,0.0733439,29,0
552.5,88,218,4.0438,62.86436,15.26476,5.08173,13.54441,0.073707,29,0
632.6,89,236,4.068688,62.6871,15.00173,5.095819,13.71765,0.0739114,29,0
715.3,90,269,4.106727,64.76237,14.75709,5.12637,13.52626,0.0744052,29,0
763,91,287,4.134636,64.69089,14.549,5.15777,13.56736,0.074861,29,0
740.4,92,305,4.179498,64.61243,14.39402,5.193686,13.87482,0.0753822,29,0
744.4,93,311,4.216366,64.60291,14.24835,5.237757,13.98326,0.0760219,29,0
743.5,94,308,4.260201,64.67593,14.11159,5.281206,14.29142,0.0766525,29,0
663.8,95,338,4.286511,64.7411,14.0522,5.32461,14.44948,0.0772825,29,0
590.9,96,358,4.333734,64.7839,14.05027,5.367888,14.66786,0.0779107,29,0
577.4,97,409,4.383485,64.83846,14.04587,5.407113,15.06173,0.07848,29,0
555.7,98,442,4.413081,64.95696,14.03186,5.437562,15.54628,0.0789219,29,0
500.2,99,457,4.451169,65.11991,14.0275,5.468338,15.78959,0.0793686,29,0
218,77,73,1.878684,70.30823,18.86554,0.769954,10.90958,0.0052886,30,0
237.6,78,81,1.917767,70.22367,18.67187,0.782316,11.79769,0.0053735,30,0
224.2,79,87,1.935456,70.05479,18.47104,0.787308,11.38623,0.0054078,30,0
222.6,80,96,1.996699,69.50651,18.18962,0.788752,11.05389,0.0054252,30,0
253,81,94,2.006873,69.26559,17.82497,0.795317,11.22742,0.0054703,30,0
224.8,82,104,2.038085,68.82399,17.37447,0.80399,11.0135,0.00553,30,0
212.6,83,114,2.075973,68.35551,16.8837,0.814028,11.045,0.005599,30,0
237.6,84,104,2.12147,67.86086,16.40055,0.820893,11.22509,0.0056462,30,0
208.5,85,121,2.161607,67.42729,15.96853,0.822305,11.0194,0.0056559,30,0
157.4,86,136,2.210021,67.00379,15.51819,0.813748,11.33068,0.0055971,30,0
151.2,87,135,2.274105,66.64787,15.11905,0.805064,11.39749,0.0055373,30,0
123,88,147,2.349055,66.35466,14.75005,0.800194,11.2508,0.0055039,30,0
116,89,158,2.441468,66.1925,14.48098,0.799642,11.74227,0.0055001,30,0
159.3,90,165,2.508052,68.23551,14.24213,0.799824,11.82929,0.005495,30,0
139.9,91,176,2.550886,68.46097,14.15545,0.807837,12.06808,0.00555,30,0
169.9,92,183,2.534665,68.7589,14.15539,0.822436,12.15094,0.0056503,30,1
177.5,93,180,2.548829,69.12568,14.22258,0.839876,12.45161,0.0057701,30,1
177.1,94,182,2.589824,69.45094,14.24397,0.854923,12.18269,0.0058735,30,1
171.4,95,204,2.634821,69.94066,14.28058,0.868522,12.27166,0.0059669,30,1
161,96,228,2.675736,70.26747,14.32124,0.876656,12.3082,0.0060228,30,1
132.1,97,259,2.71069,70.51744,14.33813,0.878706,12.52743,0.0060369,30,1
138.8,98,255,2.760783,70.57711,14.37217,0.879533,13.01858,0.0060426,30,1
206.5,99,310,2.83038,70.73254,14.36011,0.882779,13.15421,0.0060649,30,1
199.4,77,93,1.399435,68.76288,18.13208,1.556843,11.49649,0.0203554,31,0
190.5,78,83,1.440068,68.61212,17.96054,1.563884,12.40736,0.0204475,31,0
225.9,79,80,1.470194,68.48695,17.81141,1.567344,12.05165,0.0204927,31,0
224.6,80,71,1.51918,68.48768,17.70309,1.572296,11.20985,0.0205143,31,0
181.5,81,89,1.552206,68.36901,17.48889,1.578528,11.71076,0.0205956,31,0
229.6,82,104,1.580871,68.11826,17.20726,1.581786,11.5873,0.0206381,31,0
217.7,83,99,1.609164,67.8284,16.88158,1.584301,11.601,0.0206709,31,0
225.8,84,91,1.645192,67.58923,16.58273,1.588629,12.43631,0.0207274,31,0
237.9,85,95,1.690266,67.31978,16.26681,1.584662,12.72602,0.0206756,31,0
262.6,86,108,1.731587,66.95992,15.92627,1.574336,12.92143,0.0205409,31,0
251.2,87,116,1.773251,66.74837,15.61155,1.566558,13.18569,0.0204394,31,0
273.2,88,123,1.821041,66.65886,15.33023,1.571464,13.45853,0.0205034,31,0
279.5,89,129,1.872395,66.45169,15.07181,1.574881,13.55303,0.020548,31,0
330,90,141,1.924887,68.57947,14.86603,1.580664,13.78306,0.0205607,31,0
334.6,91,140,1.94191,68.71162,14.7431,1.590805,13.71795,0.0206926,31,0
348.6,92,145,1.997059,68.94002,14.63668,1.602406,13.97848,0.0208435,31,0
377.8,93,151,2.045469,69.01521,14.55635,1.612149,13.89506,0.0209702,31,0
389.5,94,153,2.102617,69.06844,14.50556,1.621551,14.2249,0.0210925,31,0
382,95,164,2.159873,69.22701,14.51073,1.635142,14.51618,0.0212693,31,0
435,96,183,2.215449,69.32784,14.55224,1.647657,15.26857,0.0214321,31,0
438.4,97,194,2.262563,69.34474,14.58731,1.656042,15.27101,0.0215412,31,0
451.4,98,200,2.292488,69.3675,14.62338,1.660772,15.80901,0.0216027,31,0
430.2,99,215,2.352001,69.41042,14.63403,1.666028,16.17411,0.0216711,31,0
743,77,156,3.681372,70.3189,18.48337,0.678334,14.0562,0.0061729,32,0
780.8,78,187,3.747658,70.3098,18.34993,0.719436,14.94384,0.0065469,32,0
835.6,79,204,3.830988,70.28146,18.24282,0.765364,14.76958,0.0069649,32,0
912.6,80,224,3.977586,70.01524,18.14704,0.810215,14.24202,0.0073727,32,0
896.4,81,230,4.061517,69.68533,18.00472,0.847639,14.00688,0.0077132,32,0
805.4,82,245,4.136034,69.2001,17.75632,0.881545,13.40155,0.0080218,32,0
655.2,83,301,4.199899,68.61285,17.45294,0.901974,13.465,0.0082077,32,0
628.5,84,354,4.256437,68.18571,16.98045,0.924905,13.84316,0.0084163,32,0
667.1,85,380,4.310617,67.63983,16.57308,0.951024,14.19743,0.008654,32,0
718.9,86,397,4.365152,67.12231,16.16566,0.980653,14.56854,0.0089236,32,0
695.7,87,447,4.434161,66.6797,15.80097,1.023418,14.80902,0.0093128,32,0
780.7,88,432,4.494771,66.14903,15.4424,1.075027,15.30756,0.0097824,32,0
625.3,89,452,4.57811,65.82648,15.29187,1.137369,15.7131,0.0103497,32,0
600.9,90,438,4.65039,66.68157,15.12199,1.218629,15.75359,0.011098,32,0
677,91,444,4.765588,66.65909,14.74476,1.285046,15.55787,0.0117029,32,0
696.8,92,439,4.861448,66.16871,14.42518,1.330694,16.11274,0.0121186,32,0
875.2,93,448,4.925167,65.53869,14.13233,1.380197,16.16739,0.0125694,32,0
1001.9,94,434,5.034716,65.17899,13.90756,1.456388,16.55472,0.0132633,32,0
945.2,95,468,5.145968,64.9338,13.71655,1.525777,16.87843,0.0138952,32,0
811.3,96,493,5.20202,64.62309,13.59839,1.596476,17.23517,0.0145391,32,1
798.7,97,515,5.310158,64.46743,13.55572,1.675581,17.51468,0.0152595,32,1
643.6,98,518,5.434025,64.02489,13.57494,1.743772,18.21024,0.0158805,32,1
570,99,542,5.589821,63.63499,13.65448,1.809253,18.54039,0.0164768,32,1
113.1,77,30,0.3582589,73.57484,18.31558,0.869762,11.33045,0.0963512,33,1
118.8,78,26,0.3796886,73.85667,18.16437,0.89152,11.89701,0.0987615,33,1
139.9,79,32,0.397987,74.08883,18.02998,0.909075,12.04753,0.1007062,33,1
179.8,80,35,0.419908,73.9855,17.81628,0.92425,11.98724,0.1027744,33,1
147.1,81,35,0.4623955,74.05631,17.62687,0.936644,12.14258,0.1041526,33,1
124.8,82,42,0.4946624,73.92619,17.3786,0.947717,12.28699,0.1053839,33,1
125.1,83,47,0.5260274,73.81657,17.11249,0.958125,13.041,0.1065412,33,1
133.9,84,50,0.5568841,73.76155,16.81933,0.976864,13.93811,0.1086249,33,1
140.8,85,57,0.5881072,73.6675,16.51476,0.996757,14.64839,0.110837,33,1
139.5,86,68,0.6166499,73.46386,16.22557,1.025055,15.42937,0.1139837,33,1
149.6,87,76,0.6424271,73.37527,15.88103,1.054283,16.11137,0.1172337,33,1
147.9,88,81,0.6654498,73.11699,15.57323,1.082576,16.63708,0.1203799,33,1
168.5,89,93,0.6910675,72.84719,15.24296,1.104523,16.5699,0.1228203,33,1
131.5,90,103,0.717645,74.6099,14.82707,1.111831,15.78331,0.1239638,33,1
119.3,91,117,0.6962617,74.20372,14.34482,1.107055,15.58931,0.1234313,33,1
125.7,92,132,0.7179407,73.96066,14.05336,1.112766,15.72934,0.124068,33,1
137.8,93,160,0.7427434,73.87815,13.81806,1.122191,15.51697,0.1251189,33,1
116.8,94,157,0.7748086,73.81678,13.60288,1.133054,16.00704,0.12633,33,1
114.5,95,177,0.8078708,73.95155,13.48302,1.145604,16.35523,0.1277293,33,1
118.2,96,174,0.8588279,74.15676,13.44257,1.160768,16.53667,0.12942,33,1
113.2,97,176,0.8758659,74.3932,13.46563,1.173239,17.14767,0.1308105,33,1
107.2,98,184,0.8967611,74.50977,13.51686,1.185823,18.08316,0.1322135,33,1
96.5,99,182,0.9426925,74.65687,13.54528,1.201134,18.73235,0.1339206,33,1
392,77,78,4.657897,65.03551,17.01148,7.337173,13.91153,0.9755582,34,0
423.5,78,78,4.769043,64.8823,16.89076,7.350804,14.37542,0.9773706,34,0
501.2,79,74,4.89978,64.69986,16.81398,7.366514,14.36347,0.9794593,34,0
604.4,80,76,5.08635,64.31933,16.71811,7.37633,14.2396,0.987725,34,0
630.6,81,76,5.260983,64.17092,16.68408,7.407475,14.31047,0.9918954,34,0
607.4,82,92,5.417356,63.82298,16.55094,7.430968,14.44697,0.9950413,34,0
553.1,83,107,5.558231,63.40572,16.34391,7.467789,15.036,0.9999717,34,0
527.7,84,136,5.70021,62.98526,16.13712,7.515478,15.87049,1.006358,34,0
544.5,85,138,5.838079,62.48153,15.89796,7.565519,16.34575,1.013058,34,0
572.5,86,149,5.970402,61.98893,15.64329,7.62215,17.0083,1.020641,34,0
541,87,157,6.102903,61.44269,15.36189,7.670743,17.74171,1.027148,34,0
582.8,88,177,6.241768,60.93272,15.10154,7.712334,18.64356,1.032717,34,0
609,89,219,6.379556,60.30417,14.83702,7.726086,18.94678,1.034559,34,0
647.6,90,251,6.547166,61.64635,14.55636,7.757158,18.87169,1.04558,34,0
634.8,91,271,6.677904,60.94882,14.15186,7.784269,18.38684,1.049234,34,0
625.8,92,301,6.823489,60.26407,13.81956,7.82777,18.88387,1.055098,34,0
626.9,93,290,6.947664,59.64001,13.52571,7.874891,18.67259,1.061449,34,0
614.2,94,301,7.059419,59.09557,13.25422,7.918796,18.73872,1.067367,34,0
599.8,95,311,7.170917,58.70015,13.0468,7.965523,19.14716,1.073665,34,0
531.5,96,340,7.295498,58.40384,12.88328,8.009624,19.55482,1.07961,34,0
492.6,97,343,7.425972,58.26071,12.77692,8.054178,20.10115,1.085615,34,0
440.1,98,351,7.550773,58.16805,12.73849,8.095542,20.86626,1.09119,34,0
411.9,99,382,7.68151,58.14891,12.73195,8.143412,21.29597,1.097643,34,0
500.9,77,105,3.851627,67.43304,19.61397,1.21572,10.00703,0.0100132,35,0
528.2,78,126,3.920649,67.4426,19.41868,1.238035,10.46222,0.010197,35,0
586,79,123,3.938985,66.25013,18.90627,1.284722,10.45327,0.0105815,35,0
615,80,112,4.045441,66.17848,18.75867,1.3094,10.15802,0.0107916,35,0
671.7,81,106,4.002524,66.15292,18.50997,1.332709,10.23006,0.0109837,35,0
734.5,82,100,4.024948,65.99296,18.22599,1.363794,10.21061,0.0112399,35,0
686.8,83,126,4.052492,65.8366,17.9076,1.394352,10.367,0.0114918,35,0
688.1,84,142,4.106052,65.47836,17.53703,1.416665,10.75519,0.0116756,35,0
703.9,85,133,4.190435,65.09621,17.17985,1.438371,11.11107,0.0118545,35,0
725.6,86,144,4.257937,64.78448,16.82611,1.462727,11.11343,0.0120553,35,0
628.5,87,154,4.335758,64.37509,16.46418,1.478519,11.12562,0.0121854,35,0
658.1,88,174,4.392654,63.93434,16.10711,1.490329,11.21712,0.0122828,35,0
703.9,89,180,4.486758,63.60856,15.82727,1.503892,11.31026,0.0123945,35,0
780.2,90,178,4.58461,64.0296,15.58858,1.519933,11.39952,0.0125237,35,0
834.8,91,196,4.688921,63.90107,15.36589,1.547115,11.50886,0.0127476,35,0
934.9,92,191,4.759892,63.8187,15.19766,1.58075,11.66175,0.0130248,35,0
929.7,93,197,4.791209,63.69611,15.06288,1.614937,11.86871,0.0133064,35,0
889.2,94,206,4.829408,63.84676,14.95794,1.653329,12.05971,0.0136228,35,0
819.2,95,211,4.873286,63.94342,14.88335,1.682417,12.32921,0.0138625,35,0
840.6,96,231,4.963687,63.96568,14.83239,1.706151,12.36853,0.014058,35,0
853.3,97,261,5.03355,63.73423,14.79292,1.722939,12.56469,0.0141963,35,0
961.4,98,256,5.191242,63.52061,14.73607,1.733535,12.93548,0.0142836,35,0
834.5,99,271,5.31243,63.32625,14.6754,1.739844,13.05793,0.0143356,35,0
831.8,77,98,5.27184,62.9616,17.10692,17.81261,13.40353,0.3724071,36,0
841,78,108,5.385798,62.78698,17.00131,17.68059,13.71991,0.3696471,36,0
917.4,79,114,5.527535,62.59568,16.91857,17.58384,13.61984,0.3676244,36,0
1029.5,80,120,5.759618,61.99079,16.80301,17.56675,13.41385,0.3707865,36,0
1069.6,81,123,5.949563,61.791,16.76984,17.56773,13.55094,0.3708071,36,0
990.1,82,145,6.147531,61.32369,16.63624,17.58975,13.77101,0.3712718,36,0
914.1,83,158,6.343563,60.80314,16.48022,17.6869,14.188,0.3733226,36,0
914.3,84,172,6.541053,60.28036,16.29392,17.74569,15.0937,0.3745634,36,0
929.9,85,187,6.733792,59.72289,16.10475,17.79167,15.49568,0.3755339,36,0
985.9,86,195,6.933656,59.12571,15.89608,17.83342,16.20474,0.3764151,36,0
1008.1,87,216,7.131909,58.5247,15.67199,17.86885,16.69019,0.3771629,36,0
1097.3,88,229,7.329988,58.01797,15.46924,17.94131,17.34857,0.3786924,36,0
1131.2,89,248,7.517052,57.44759,15.22776,17.98309,17.6387,0.3795742,36,0
1180.9,90,285,7.695074,58.69953,14.96152,18.00286,17.76603,0.3812226,36,0
1163.9,91,304,7.786431,58.12228,14.62381,18.02953,17.5016,0.3817875,36,0
1122.1,92,320,7.896828,57.58609,14.34285,18.08203,17.89129,0.3828992,36,0
1073.5,93,340,8.006265,57.12248,14.09058,18.14089,17.63082,0.3841456,36,0
965.6,94,354,8.103697,56.68006,13.83168,18.15665,17.71325,0.3844793,36,0
841.9,95,367,8.19649,56.29628,13.6195,18.15093,18.12953,0.3843581,36,0
727,96,378,8.314287,56.06857,13.45638,18.1438,18.58391,0.3842073,36,0
688.6,97,383,8.442421,55.93539,13.34361,18.14318,18.94671,0.3841942,36,0
637.8,98,386,8.56143,55.92968,13.26412,18.15918,19.71147,0.3845327,36,0
588.8,99,397,8.678829,55.9836,13.1956,18.1966,20.2728,0.3853253,36,0
407.1,77,214,8.210358,57.76085,18.84295,5.685611,9.959352,0.1165132,37,0
413.4,78,234,8.235327,57.72733,18.675,5.759492,10.35984,0.1180272,37,0
446.1,79,223,8.260472,57.66654,18.47252,5.823493,10.23649,0.1193388,37,0
455,80,240,8.406182,57.73013,18.44014,5.89898,9.970623,0.1207743,37,0
436.7,81,244,8.458397,57.83779,18.39927,5.956661,10.06566,0.1219553,37,0
446.3,82,248,8.458483,57.81456,18.22489,6.019141,10.00008,0.1232345,37,0
409.6,83,255,8.469481,57.71644,18.07053,6.077066,10.48,0.1244204,37,0
403.6,84,233,8.468751,57.70063,17.83964,6.164014,11.30469,0.1262006,37,0
420.9,85,246,8.461959,57.6155,17.60892,6.253989,11.71297,0.1280427,37,0
475.9,86,254,8.427985,57.37815,17.24389,6.321582,12.2206,0.1294266,37,0
484,87,257,8.427617,57.1776,16.91528,6.403696,12.56302,0.1311078,37,0
501.9,88,250,8.418236,56.94728,16.55651,6.480598,13.01816,0.1326822,37,0
546.4,89,249,8.421701,56.71115,16.21172,6.565467,13.28082,0.1344198,37,0
623.5,90,250,8.442483,58.31004,15.90219,6.656987,13.23365,0.1366433,37,0
658.4,91,265,8.475556,58.05008,15.57653,6.748135,13.06955,0.1385142,37,0
681,92,269,8.516156,57.62149,15.29646,6.83185,13.5752,0.1402326,37,0
679.3,93,290,8.536718,57.31176,15.02238,6.947412,13.80894,0.1426046,37,0
655,94,305,8.554008,57.04784,14.74776,7.060959,14.06563,0.1449353,37,0
646.4,95,323,8.575942,56.93417,14.55679,7.185403,14.34745,0.1474897,37,0
588.1,96,384,8.609256,56.82938,14.40151,7.307658,14.5669,0.1499991,37,1
607,97,376,8.650442,56.7124,14.28686,7.428672,15.02137,0.1524831,37,1
579.4,98,370,8.702306,56.681,14.15874,7.545828,15.55117,0.1548879,37,1
542.1,99,358,8.760103,56.69116,14.02926,7.650789,15.79737,0.1570423,37,1
67.1,77,26,1.341708,69.79649,19.70008,0.649769,10.56599,0.0093798,38,0
67,78,30,1.387221,69.51859,19.55437,0.651302,12.43181,0.009402,38,0
61.3,79,21,1.401761,69.25468,19.36397,0.652893,11.52206,0.0094249,38,0
54,80,19,1.433876,69.05927,19.23974,0.65438,9.786855,0.0094427,38,0
67.5,81,28,1.478794,68.76475,18.9846,0.659524,11.33483,0.0095169,38,0
61.8,82,33,1.50276,68.53995,18.68666,0.668969,11.34168,0.0096532,38,0
53.7,83,47,1.536609,68.22214,18.34073,0.676685,11.386,0.0097646,38,0
53.6,84,51,1.588102,67.86971,17.96214,0.680498,11.80241,0.0098196,38,0
47,85,54,1.636063,67.49587,17.54277,0.676991,11.86299,0.009769,38,0
51.3,86,55,1.683373,67.07564,17.06212,0.669489,11.93153,0.0096607,38,1
56.8,87,53,1.741012,66.72974,16.68701,0.661167,11.8965,0.0095406,38,1
59.1,88,57,1.817105,66.64963,16.30481,0.655273,10.73129,0.0094556,38,1
63.2,89,62,1.885228,66.47451,15.99218,0.646341,11.52867,0.0093267,38,1
73.9,90,62,1.96591,68.91557,15.64899,0.637364,12.10056,0.009238,38,1
65.4,91,67,1.995273,68.76801,15.54512,0.634199,11.89337,0.0091921,38,1
83.3,92,68,2.02478,68.96371,15.47416,0.635427,12.56132,0.0092099,38,1
82.2,93,67,2.042594,69.21892,15.45175,0.637229,12.28487,0.009236,38,1
81.8,94,70,2.066081,69.45083,15.4223,0.639762,12.79018,0.0092727,38,1
86.7,95,78,2.111923,69.67663,15.43595,0.641548,12.48094,0.0092986,38,1
84,96,85,2.19193,69.95417,15.43716,0.642858,13.44041,0.0093176,38,1
87.2,97,101,2.236229,70.17045,15.38946,0.640945,12.91742,0.0092899,38,1
89.3,98,112,2.295048,70.13709,15.33298,0.637808,13.88986,0.0092444,38,1
66.9,99,128,2.349187,70.14247,15.24668,0.633666,13.91725,0.0091844,38,1
406.7,77,117,3.519284,66.74809,17.99975,10.7714,12.34808,0.2628773,39,0
412.7,78,120,3.556667,66.73001,17.8805,10.79558,12.72213,0.2634676,39,0
457.5,79,122,3.599927,66.63911,17.75854,10.7983,12.69237,0.2635339,39,0
498.3,80,125,3.685806,66.44777,17.62688,10.80065,12.21453,0.2634048,39,0
496.6,81,125,3.735891,66.35651,17.49891,10.78832,12.03627,0.2631042,39,0
436.7,82,139,3.765303,66.11286,17.27588,10.75709,11.85252,0.2623424,39,0
397.9,83,160,3.791123,65.7574,17.01007,10.73763,12.167,0.261868,39,0
385.3,84,155,3.819927,65.44431,16.7284,10.73775,12.89759,0.2618707,39,0
381.6,85,174,3.848571,65.18134,16.42167,10.73492,13.23717,0.2618018,39,0
420.9,86,194,3.875234,64.88249,16.08576,10.73027,13.5741,0.2616883,39,0
421.3,87,209,3.906207,64.60281,15.73168,10.76008,13.74697,0.2624154,39,0
452,88,219,3.940451,64.36441,15.42304,10.79856,14.09424,0.2633539,39,0
468.6,89,243,3.974989,64.05193,15.11804,10.82921,14.31347,0.2641013,39,0
506.2,90,279,4.031344,66.15223,14.85449,10.86184,14.3195,0.2652269,39,0
561.8,91,289,4.072498,65.96347,14.65337,10.93368,14.04763,0.2669812,39,0
525.9,92,324,4.13623,65.7691,14.49884,11.00761,14.37182,0.2687864,39,0
504.1,93,347,4.184489,65.61407,14.35962,11.07038,14.46831,0.2703193,39,0
485.8,94,365,4.227386,65.47792,14.21471,11.11145,14.82634,0.271322,39,0
482.5,95,387,4.278977,65.4557,14.12122,11.15549,14.9681,0.2723975,39,0
428.7,96,400,4.332642,65.43978,14.06921,11.18703,14.99426,0.2731676,39,0
435.4,97,413,4.38574,65.39888,14.02826,11.2125,15.47284,0.2737894,39,0
362.5,98,429,4.445747,65.43416,13.9894,11.23775,16.00148,0.2744061,39,0
316.4,99,432,4.507334,65.46132,13.94151,11.25665,16.24826,0.2748676,39,0
316.6,77,133,4.33371,63.51503,18.07595,2.870012,10.82738,0.0417262,40,0
353,78,129,4.418449,63.26656,17.86812,2.917336,11.28734,0.0424142,40,0
405.2,79,146,4.495429,63.10439,17.74786,2.975311,11.64142,0.0432571,40,0
419.5,80,147,4.664462,62.96575,17.65826,3.040758,11.58222,0.0442904,40,0
426.8,81,151,4.774306,62.94326,17.54943,3.096157,12.05929,0.0450973,40,0
443.9,82,169,4.882282,63.06606,17.40014,3.206124,12.19514,0.0466991,40,0
423.4,83,201,4.994554,62.69285,17.17789,3.290404,11.725,0.0479266,40,0
407.5,84,212,5.113821,62.15516,16.89424,3.285528,12.16683,0.0478556,40,0
422,85,236,5.239792,61.63043,16.61112,3.271332,12.28339,0.0476489,40,0
436.4,86,250,5.376682,61.16328,16.29,3.252731,12.07879,0.0473779,40,0
417.6,87,288,5.527026,60.53362,15.9978,3.210117,11.80793,0.0467572,40,0
434.5,88,296,5.69437,60.02283,15.66877,3.167058,12.00439,0.04613,40,0
491.5,89,323,5.874236,59.71284,15.39984,3.150299,12.25779,0.0458859,40,0
547.5,90,361,6.051212,61.39859,15.19342,3.147105,12.35507,0.0458234,40,0
583.7,91,381,6.049448,61.4276,15.01631,3.166471,12.22305,0.0461054,40,0
622.8,92,416,6.083315,61.53336,14.95627,3.204174,12.44346,0.0466544,40,0
634.8,93,459,6.113857,61.60735,14.89162,3.228829,12.46057,0.0470133,40,0
651.5,94,506,6.09876,61.69035,14.81797,3.246119,12.58656,0.0472651,40,0
664.1,95,508,6.10792,61.78748,14.81942,3.265547,12.68368,0.047548,40,0
597.1,96,552,6.143024,61.93959,14.82217,3.289634,12.79589,0.0478987,40,1
559.5,97,591,6.179451,61.99123,14.7973,3.314259,13.10683,0.0482572,40,1
539.4,98,617,6.223009,62.03029,14.75767,3.339478,13.56787,0.0486244,40,1
508.2,99,622,6.265761,62.08629,14.71476,3.358044,13.72888,0.0488948,40,1
455.8,77,122,1.399533,70.91949,17.94813,2.446673,12.42206,0.0254374,41,0
502.4,78,122,1.437637,70.7952,17.76759,2.518299,12.95133,0.0261821,41,0
545.4,79,117,1.47905,70.65277,17.61962,2.588013,12.91738,0.0269069,41,0
490.4,80,122,1.56,70.70586,17.52256,2.641218,12.32696,0.0274601,41,0
478.7,81,120,1.624597,70.36204,17.16866,2.667984,11.90475,0.0277383,41,0
473,82,124,1.681663,69.88253,16.74702,2.664922,11.4841,0.0277065,41,0
487.8,83,146,1.728119,69.31556,16.27869,2.653058,11.832,0.0275832,41,0
506.1,84,157,1.783212,68.90342,15.83032,2.666592,12.33849,0.0277239,41,0
551.1,85,170,1.842704,68.53308,15.45123,2.672648,12.54452,0.0277868,41,0
549.7,86,165,1.904021,68.18871,15.09511,2.683531,12.87326,0.0279,41,0
539.5,87,176,1.963866,67.95156,14.76735,2.700999,13.07695,0.0280816,41,0
545.7,88,200,2.040049,67.84964,14.5257,2.741307,13.5242,0.0285007,41,0
518.6,89,215,2.109642,67.60602,14.31504,2.790568,13.82927,0.0290128,41,0
506.8,90,235,2.180059,69.36436,14.22593,2.858547,13.90879,0.0297756,41,0
506.3,91,223,2.229828,69.5378,14.05751,2.918745,13.74719,0.0304026,41,1
510.2,92,228,2.285827,69.50073,13.96016,2.973934,13.88618,0.0309775,41,1
503.1,93,174,2.339042,69.71551,13.87937,3.03449,14.05836,0.0316083,41,1
520.6,94,166,2.385086,69.76754,13.82926,3.087142,14.39491,0.0321567,41,1
522.4,95,191,2.443098,69.86402,13.82365,3.141421,14.82487,0.0327221,41,1
463.1,96,206,2.49674,70.04883,13.82604,3.195087,15.01711,0.0332811,41,1
444.4,97,226,2.542292,70.17027,13.84819,3.243254,15.42812,0.0337828,41,1
419.8,98,232,2.593863,70.22414,13.85702,3.282055,15.88356,0.034187,41,1
374.9,99,260,2.64457,70.33952,13.85325,3.316154,16.12088,0.0345422,41,1
282.8,77,56,3.163795,67.17242,17.21567,11.89359,12.31849,0.264502,42,0
301.1,78,56,3.199438,67.07594,17.10899,11.8794,12.69004,0.2641863,42,0
333.6,79,65,3.243192,66.9677,17.02396,11.88798,12.6567,0.2643771,42,0
363.9,80,67,3.31975,66.88034,16.96696,11.86831,12.27256,0.2643982,42,0
371.7,81,68,3.369268,66.72968,16.8695,11.85857,12.25766,0.2641813,42,0
360.4,82,78,3.404364,66.43293,16.67715,11.84515,12.26738,0.2638823,42,0
342.8,83,88,3.434612,66.04167,16.42494,11.83773,12.455,0.263717,42,0
320.6,84,98,3.468075,65.68049,16.14494,11.81517,12.95801,0.2632145,42,0
331.1,85,109,3.506406,65.22522,15.83221,11.77085,13.37607,0.2622272,42,0
358.6,86,119,3.546907,64.7671,15.50297,11.78275,13.80407,0.2624921,42,0
369.4,87,128,3.59381,64.35545,15.16821,11.81086,14.15653,0.2631185,42,0
362,88,136,3.630356,64.04595,14.83701,11.84575,14.58597,0.2638958,42,0
378.6,89,149,3.656925,63.68747,14.46858,11.86601,15.03617,0.264347,42,0
431,90,169,3.693717,65.93815,14.17472,11.8956,15.10513,0.2654084,42,1
450,91,183,3.717375,65.6598,13.93099,11.94316,14.98915,0.2664694,42,1
427,92,192,3.7588,65.33145,13.7415,11.98082,15.3005,0.2673097,42,1
417.5,93,207,3.796508,65.06128,13.58997,12.02213,15.30338,0.2682313,42,1
426.7,94,216,3.840459,64.8941,13.43727,12.04255,15.36461,0.2686869,42,1
427.3,95,235,3.879622,64.81329,13.32592,12.04478,15.52465,0.2687367,42,1
480.3,96,268,3.933267,64.82384,13.2439,12.03801,15.77213,0.2685856,42,1
442.1,97,286,3.97686,64.85114,13.19228,12.01589,16.20003,0.2680921,42,1
420.5,98,291,4.023894,64.91528,13.1332,12.00233,16.72735,0.2677896,42,1
420.5,99,303,4.07429,65.01945,13.05575,11.99402,17.11416,0.2676041,42,1
301.6,77,53,1.434283,71.38422,17.73506,0.950231,11.51458,0.9058446,44,0
348.1,78,56,1.481589,71.46287,17.62778,0.951816,11.7549,0.9073556,44,0
375.1,79,56,1.540224,71.5311,17.60883,0.950381,11.79234,0.9059876,44,0
408.5,80,63,1.599645,70.92782,17.41544,0.948773,11.77808,0.8993109,44,0
441.7,81,65,1.699463,70.77566,17.41645,0.953007,11.85324,0.9033242,44,0
401.8,82,72,1.786463,70.3692,17.29796,0.954176,11.97636,0.9044322,44,0
355.2,83,82,1.866839,69.90588,17.11524,0.956376,12.439,0.9065175,44,0
334.7,84,92,1.951864,69.58003,16.90351,0.961901,13.1546,0.9117545,44,0
346.6,85,92,2.035812,69.1723,16.70788,0.96895,13.59831,0.9184361,44,0
335.5,86,99,2.116862,68.66371,16.42361,0.977343,14.16858,0.9263915,44,0
359.7,87,103,2.202196,68.25656,16.13253,0.989603,14.60293,0.9380123,44,0
396.7,88,100,2.290507,67.86526,15.80061,0.996417,15.38418,0.9444711,44,0
378,89,118,2.39171,67.38249,15.43434,1.000665,15.78457,0.9484976,44,0
431.9,90,146,2.479174,69.39707,15.1211,1.004649,15.38783,0.9613866,44,0
462,91,157,2.52871,68.82858,14.80861,1.00399,14.88535,0.960756,44,0
394.5,92,173,2.547845,68.26462,14.51291,1.000571,15.09247,0.9574842,44,0
401.7,93,170,2.581645,67.69461,14.25883,0.997852,15.25239,0.9548823,44,0
375.5,94,172,2.639489,67.31688,13.99721,0.993412,15.29606,0.9506335,44,0
368,95,186,2.685899,67.00869,13.80606,0.989203,15.72608,0.9466057,44,0
347.2,96,186,2.747257,66.90131,13.64862,0.987858,15.9531,0.9453186,44,0
333.5,97,205,2.8234,66.84111,13.56247,0.986966,16.54344,0.9444651,44,0
312.1,98,213,2.905324,66.89433,13.43733,0.987704,17.12022,0.9451712,44,0
286.6,99,220,2.957654,66.86559,13.32948,0.990819,17.54233,0.9481522,44,0
636.2,77,230,10.5465,52.7606,19.69209,2.991683,9.344497,0.0989804,45,0
637.6,78,239,10.53142,52.74525,19.42307,3.044365,9.678352,0.1007234,45,0
678.3,79,243,10.55307,52.71151,19.23501,3.090266,9.664368,0.1022421,45,0
660,80,237,10.65547,52.53884,19.01045,3.134502,9.422946,0.1037811,45,0
640.4,81,238,10.73265,52.67374,19.00076,3.179235,9.481496,0.1052622,45,0
720,82,251,10.70938,52.60826,18.74896,3.207618,9.361272,0.106202,45,0
616.8,83,270,10.67709,52.49292,18.45694,3.234074,9.775,0.1070779,45,0
624.5,84,276,10.66809,52.40158,18.20869,3.271861,10.46269,0.108329,45,0
631,85,284,10.57847,52.28647,17.73742,3.303208,10.80272,0.1093669,45,0
674.6,86,294,10.57243,52.12664,17.51189,3.342769,11.14252,0.1106767,45,0
664.9,87,324,10.55783,51.99231,17.18068,3.380506,11.45011,0.1119262,45,0
741.2,88,344,10.52018,51.79147,16.76843,3.412091,11.82589,0.1129719,45,0
813.7,89,369,10.525,51.61836,16.46841,3.45677,11.9117,0.1144512,45,0
976.6,90,416,10.55408,53.26236,16.11128,3.499064,12.2301,0.1162055,45,0
972.5,91,451,10.60981,53.1396,15.82247,3.55947,11.99498,0.1182116,45,0
944.5,92,473,10.70237,52.91803,15.58381,3.600576,12.18715,0.1195768,45,0
1023.4,93,486,10.7728,52.67149,15.26661,3.634507,12.26764,0.1207036,45,0
1030.5,94,488,10.80368,52.49868,14.97258,3.666456,12.55699,0.1217647,45,0
981.9,95,494,10.86079,52.41994,14.73533,3.699943,12.73534,0.1228768,45,0
996.9,96,515,10.90345,52.34179,14.59419,3.738974,12.9559,0.124173,45,0
990.3,97,532,10.91852,52.31548,14.45756,3.790066,13.27946,0.1258698,45,1
903.2,98,536,10.94597,52.48092,14.3447,3.839578,13.77499,0.1275141,45,1
847.1,99,550,11.00561,52.61976,14.268,3.885736,14.07572,0.1290471,45,1
189.1,77,70,2.339211,66.82024,18.6216,0.68848,10.44104,0.0090643,46,0
163.5,78,76,2.423829,66.51689,18.47265,0.68858,11.22622,0.0090656,46,0
159.1,79,74,2.491668,66.15408,18.27906,0.688334,11.19278,0.0090624,46,0
126.8,80,77,2.524423,65.82939,18.09102,0.690851,9.843678,0.0090959,46,0
104.8,81,88,2.544488,65.59054,17.86058,0.689569,10.3583,0.009079,46,0
99,82,97,2.514136,65.31049,17.56072,0.690615,10.23228,0.0090928,46,0
120,83,109,2.519391,65.02334,17.23169,0.692985,10.195,0.009124,46,0
147.5,84,115,2.550775,64.72329,16.89536,0.697239,11.14262,0.00918,46,0
136.6,85,127,2.593929,64.3707,16.54797,0.6984,11.05829,0.0091953,46,0
124.7,86,146,2.641168,63.97756,16.17705,0.69598,11.34977,0.0091634,46,1
119.7,87,160,2.69524,63.83106,15.88338,0.696042,11.59131,0.0091642,46,1
113.7,88,160,2.758011,63.62806,15.56117,0.698148,11.62549,0.009192,46,1
135.5,89,143,2.84502,63.37601,15.28081,0.696691,11.8579,0.0091728,46,1
162.8,90,175,2.934257,65.53576,15.03602,0.696667,12.37336,0.009179,46,1
182.2,91,187,2.979279,65.71449,14.97694,0.701445,12.39849,0.0092419,46,1
194.5,92,191,3.0501,65.68172,14.9405,0.708698,12.75586,0.0093375,46,1
208.4,93,208,3.075289,66.01141,14.89561,0.716258,12.79129,0.0094371,46,1
227.6,94,216,3.10855,66.321,14.83463,0.723038,13.1759,0.0095264,46,1
207.5,95,236,3.149601,66.6641,14.85353,0.728251,12.98059,0.0095951,46,1
177.2,96,252,3.297938,66.77264,14.82553,0.730699,13.80236,0.0096274,46,1
197.4,97,284,3.394381,66.6871,14.84932,0.730855,13.83961,0.0096294,46,1
154.3,98,303,3.438749,66.67903,14.87324,0.730789,14.53691,0.0096286,46,1
167.4,99,329,3.544923,66.76824,14.86347,0.733133,14.97452,0.0096595,46,1
389.5,77,114,5.27952,62.2667,17.92343,4.422921,10.04155,0.10702,47,0
382.6,78,127,5.289421,62.18873,17.75092,4.486313,10.53556,0.1085538,47,0
414,79,134,5.319052,62.10576,17.58942,4.560474,10.4519,0.1103483,47,0
458.1,80,151,5.422877,62.40076,17.60597,4.600252,10.05767,0.1117787,47,0
412.6,81,153,5.456529,62.45888,17.52084,4.627667,10.07882,0.1124448,47,0
421.1,82,171,5.47849,62.40519,17.35298,4.646043,10.00524,0.1128913,47,0
402,83,173,5.497006,62.30478,17.13182,4.659755,10.276,0.1132245,47,0
445.4,84,187,5.51283,62.22468,16.87781,4.68674,10.98343,0.1138802,47,0
474.4,85,154,5.548528,62.12678,16.61646,4.715287,11.34072,0.1145739,47,0
539.6,86,149,5.570521,61.90892,16.29839,4.738713,11.81246,0.1151431,47,0
533.5,87,157,5.6088,61.80703,16.01232,4.78293,12.19819,0.1162175,47,0
532.7,88,156,5.648223,61.55821,15.74161,4.822437,12.55422,0.1171774,47,0
548.9,89,157,5.677438,61.36978,15.46623,4.854461,12.75405,0.1179556,47,0
670.4,90,213,5.716466,63.34099,15.22171,4.890626,12.8176,0.1186469,47,0
725.9,91,207,5.761827,63.22644,14.97085,4.946886,12.79469,0.1200118,47,0
746.2,92,227,5.822478,63.03001,14.76346,5.013999,13.3764,0.12164,47,0
765.8,93,234,5.891873,62.83326,14.56281,5.085666,13.60155,0.1233786,47,0
747.9,94,250,5.952993,62.74009,14.34966,5.163016,13.90771,0.1252551,47,0
771.5,95,276,5.998587,62.71865,14.18382,5.241168,14.2572,0.1271511,47,1
774,96,287,6.064974,62.72006,14.05569,5.313576,14.25575,0.1289077,47,1
789.7,97,292,6.108415,62.71156,13.91433,5.378433,14.48545,0.1304812,47,1
715,98,309,6.169424,62.66996,13.82287,5.432679,15.02754,0.1317972,47,1
694.9,99,325,6.246919,62.68462,13.73678,5.483535,15.2777,0.1330309,47,1
407.7,77,167,4.556185,64.41234,19.13759,13.19306,11.47348,0.0503294,48,0
435.3,78,176,4.580187,64.36545,19.00238,13.50043,12.08954,0.051502,48,0
507.9,79,189,4.601943,64.35475,18.85813,13.88837,12.25059,0.052982,48,0
550.3,80,196,4.744435,64.19213,18.7691,14.33821,12.03801,0.0547224,48,0
532.4,81,210,4.805927,64.2748,18.67234,14.74631,12.48454,0.05628,48,0
577.1,82,210,4.883739,64.29494,18.50901,15.33141,12.34375,0.058513,48,0
512.2,83,237,4.936255,64.24527,18.27985,15.75168,12.303,0.060117,48,0
505,84,221,4.970795,64.06598,17.99722,16.00708,12.84676,0.0610918,48,0
550,85,226,5.008519,63.84797,17.724,16.27274,13.1455,0.0621056,48,0
658.9,86,226,5.036673,63.5815,17.42072,16.56111,12.87599,0.0632062,48,0
631.1,87,228,5.067045,63.24954,17.10954,16.6218,12.70422,0.0634379,48,0
652.6,88,231,5.099752,62.91941,16.80552,16.66702,12.90281,0.0636105,48,0
658.5,89,240,5.170434,62.83883,16.57695,16.80673,13.10737,0.0641437,48,0
761.4,90,257,5.237154,63.59877,16.39978,17.04471,13.303,0.0650775,48,0
840.1,91,290,5.293086,63.41392,16.09501,17.3399,13.26765,0.0662046,48,0
806.3,92,297,5.372058,63.26109,15.86729,17.65048,13.59366,0.0673904,48,0
762.1,93,344,5.464688,63.14571,15.67056,17.99676,13.65942,0.0687125,48,0
706.5,94,385,5.533391,63.02897,15.48555,18.33832,13.83648,0.0700166,48,0
663.9,95,637,5.657364,62.94487,15.35954,18.67971,14.078,0.07132,48,0
644.4,96,677,5.734717,62.765,15.27718,19.00624,14.3237,0.0725667,48,0
602.5,97,686,5.807885,62.65525,15.21334,19.35543,15.04559,0.0738999,48,1
564.6,98,717,5.868867,62.59028,15.17075,19.71239,15.75952,0.0752628,48,1
560.3,99,724,5.940265,62.56689,15.13231,20.04414,16.04673,0.0765295,48,1
240,77,60,1.209236,68.27696,19.72693,1.319511,10.40323,0.0160728,49,0
271.8,78,64,1.228289,67.78931,19.42923,1.367512,10.75865,0.0166575,49,0
304.2,79,69,1.245143,67.27177,19.1548,1.420239,10.68239,0.0172997,49,0
303.3,80,68,1.29119,67.01035,19.00618,1.472595,10.23298,0.0179425,49,0
298.6,81,64,1.307978,66.58289,18.80883,1.515469,10.18184,0.0184649,49,0
285.7,82,73,1.328164,66.35606,18.58134,1.558316,10.12082,0.0189869,49,0
256,83,77,1.343939,66.02115,18.34835,1.594939,10.333,0.0194332,49,0
244.2,84,77,1.37018,66.07267,18.13749,1.622341,10.77245,0.019767,49,0
267.4,85,84,1.400931,66.19875,17.96839,1.642907,10.9694,0.0200176,49,0
266.7,86,98,1.434355,66.40424,17.80173,1.662838,11.13343,0.0202605,49,0
229.8,87,108,1.465037,66.56535,17.69998,1.678115,11.08353,0.0204466,49,1
243.1,88,110,1.508317,66.91209,17.6716,1.689366,11.07735,0.0205837,49,1
258.8,89,115,1.551528,67.36006,17.7423,1.705867,11.22353,0.0207848,49,1
283.9,90,137,1.612803,69.30894,17.91727,1.729722,11.42695,0.021051,49,1
286.8,91,142,1.655078,69.74521,18.00562,1.771941,11.44819,0.0215649,49,1
290.5,92,149,1.685371,70.19036,18.09231,1.821498,11.61134,0.022168,49,1
301,93,146,1.705657,70.48416,18.16856,1.875993,11.73436,0.0228312,49,1
304.5,94,152,1.769082,70.66015,18.20832,1.930436,12.03686,0.0234938,49,1
328.8,95,157,1.801673,70.82185,18.23871,1.976774,12.33313,0.0240577,49,1
331.9,96,174,1.826478,70.8315,18.22477,2.022253,12.67142,0.0246112,49,1
334,97,195,1.85911,70.61509,18.18338,2.065397,13.13788,0.0251363,49,1
314.2,98,205,1.884162,70.37374,18.15409,2.100562,13.6198,0.0255642,49,1
275.5,99,205,1.921228,70.28898,18.156,2.129836,13.91905,0.0259205,49,1
149.5,77,64,0.2482066,73.13677,18.66469,0.491929,10.15828,0.053084,50,1
166.3,78,57,0.2658058,73.33691,18.50201,0.498108,10.75101,0.0537507,50,1
184.2,79,76,0.2839493,73.56225,18.37063,0.505372,10.77432,0.0545346,50,1
178.8,80,62,0.2973519,73.71889,18.25944,0.512524,10.52072,0.0552706,50,1
128,81,67,0.3266066,73.75161,18.06635,0.515605,10.64983,0.0556028,50,1
126.9,82,76,0.3467493,73.62413,17.79229,0.519107,10.61618,0.0559805,50,1
132.6,83,84,0.3678522,73.46095,17.48416,0.523308,10.968,0.0564335,50,1
145.1,84,72,0.3850696,73.23557,17.14414,0.526658,11.55403,0.0567948,50,1
147.7,85,74,0.4097889,73.03449,16.81851,0.530029,12.03244,0.0571583,50,1
149.2,86,82,0.4295438,72.81029,16.4792,0.534055,12.58238,0.0575925,50,1
136.5,87,81,0.4481068,72.68566,16.13721,0.540273,13.14798,0.058263,50,1
142.3,88,91,0.4681992,72.68874,15.78344,0.549766,13.63787,0.0592867,50,1
132.8,89,98,0.4891527,72.66877,15.37891,0.557699,14.06615,0.0601422,50,1
127.2,90,109,0.5048483,74.6722,15.05794,0.564526,13.75791,0.0610364,50,1
116.8,91,117,0.5153921,74.63558,14.78257,0.567141,13.31736,0.0613192,50,1
109.5,92,124,0.5477842,74.64705,14.56846,0.570115,13.69803,0.0616407,50,1
114.2,93,151,0.6111456,74.63293,14.41053,0.574004,13.63187,0.0620612,50,1
96.9,94,154,0.6260148,74.74331,14.27034,0.5789,13.81162,0.0625905,50,1
118.3,95,168,0.6446167,74.98331,14.1826,0.582827,13.96879,0.0630151,50,1
121.2,96,179,0.6746801,75.23706,14.13042,0.586352,14.15732,0.0633963,50,1
119.7,97,136,0.6939431,75.65321,14.06878,0.588665,14.50718,0.0636463,50,1
106.3,98,140,0.6991444,76.06671,13.97561,0.590579,15.15891,0.0638533,50,1
113.8,99,188,0.7105804,76.52575,13.82457,0.59374,15.45531,0.064195,50,1
290,77,126,7.212072,61.69657,19.11182,5.193112,11.82365,0.1305458,51,0
286.4,78,142,7.282593,61.70031,18.95785,5.270238,12.28512,0.1324846,51,0
301,79,157,7.350001,61.62537,18.731,5.307945,12.34114,0.1334325,51,0
307.2,80,158,7.455739,61.25582,18.49745,5.368334,12.30278,0.1352089,51,0
321.7,81,161,7.595535,61.26047,18.49887,5.444106,12.37494,0.1371173,51,0
309.1,82,165,7.635979,61.07048,18.27601,5.492773,12.4614,0.1383431,51,0
292.5,83,177,7.699036,60.80208,18.05133,5.564658,12.936,0.1401536,51,0
295.6,84,177,7.744026,60.61091,17.77941,5.64386,13.71178,0.1421484,51,0
294.7,85,185,7.753279,60.34415,17.42693,5.715156,14.15484,0.1439441,51,0
306,86,204,7.78455,60.05884,17.15423,5.811691,14.75943,0.1463755,51,0
295,87,215,7.824243,59.76487,16.88983,5.932267,15.20016,0.1494123,51,0
299.2,88,217,7.84976,59.50568,16.51812,6.036911,15.62415,0.1520479,51,0
312.5,89,230,7.874146,59.17403,16.21836,6.120232,15.88334,0.1541465,51,0
350.6,90,263,7.940564,60.55391,15.9902,6.213526,15.64996,0.1569151,51,0
373.2,91,279,8.047801,60.14425,15.62398,6.283853,15.41825,0.1586912,51,0
374.9,92,311,8.207335,59.77764,15.35561,6.383315,15.59515,0.161203,51,0
372.2,93,327,8.324735,59.4888,15.06809,6.464795,15.6906,0.1632607,51,0
357.7,94,346,8.430079,59.22881,14.75349,6.536771,15.93245,0.1650783,51,0
361.5,95,406,8.545758,58.98551,14.51697,6.601392,15.99422,0.1667102,51,0
341.3,96,410,8.667809,58.81139,14.35269,6.665491,16.18933,0.168329,51,1
345.2,97,404,8.791426,58.6368,14.22966,6.732878,16.61982,0.1700308,51,1
325.7,98,407,8.892635,58.44238,14.16774,6.789225,17.33346,0.1714537,51,1
314.7,99,399,9.045802,58.35429,14.14417,6.872912,17.81681,0.1735672,51,1
374.9,77,109,2.462494,70.13207,18.69276,3.77605,12.87581,0.056723,53,1
405.3,78,118,2.554028,70.02095,18.53796,3.889073,13.57934,0.0584208,53,1
434.6,79,112,2.639416,69.86417,18.38804,4.017632,13.67198,0.060352,53,1
464.3,80,113,2.790565,69.74776,18.30524,4.154678,13.19382,0.062466,53,1
447.3,81,106,2.906936,69.48921,18.07634,4.235731,13.04569,0.0636847,53,1
406.4,82,125,3.004598,69.02334,17.69891,4.276545,12.82879,0.0642983,53,1
371.8,83,148,3.077551,68.45677,17.30403,4.30027,13.124,0.064655,53,1
406.4,84,155,3.167497,68.01142,16.87811,4.34365,13.44614,0.0653072,53,1
425.4,85,156,3.257087,67.5183,16.48422,4.400098,13.64739,0.0661559,53,1
437,86,156,3.351231,67.07538,16.07974,4.452722,14.1095,0.0669472,53,1
439.5,87,147,3.447744,66.68768,15.73394,4.531891,14.2951,0.0681375,53,1
466.4,88,134,3.552496,66.40105,15.44902,4.639893,14.54134,0.0697613,53,1
471.7,89,124,3.653314,66.05814,15.15279,4.746321,14.99201,0.0713614,53,1
501.6,90,142,3.758239,67.4353,15.01959,4.90078,15.25981,0.0736052,53,1
522.6,91,162,3.841731,67.49376,14.75479,5.013443,15.27863,0.0752973,53,1
534.5,92,182,3.94251,67.47049,14.59812,5.139011,15.56107,0.0771832,53,1
514.6,93,192,4.024598,67.56084,14.44363,5.247704,15.44325,0.0788157,53,1
511.3,94,196,4.122517,67.50073,14.29447,5.334896,15.53597,0.0801252,53,1
484.3,95,201,4.223274,67.51688,14.25477,5.431024,15.61621,0.081569,53,1
431.2,96,212,4.309975,67.46822,14.25609,5.509963,16.05725,0.0827545,53,1
440.7,97,225,4.411963,67.49805,14.28722,5.604105,16.64404,0.0841685,53,1
428.5,98,233,4.507359,67.48536,14.29699,5.687832,17.46177,0.085426,53,1
377.3,99,247,4.602491,67.48767,14.33652,5.756361,18.16724,0.0864552,53,1
152.3,77,71,1.234639,70.00751,17.46272,1.908088,9.951133,0.0792725,54,0
167.7,78,67,1.230221,69.93727,17.32307,1.923395,10.24218,0.0799084,54,0
168.1,79,63,1.223904,69.90005,17.21467,1.942146,10.1967,0.0806874,54,0
183.7,80,66,1.234531,69.99722,17.13686,1.951349,9.879948,0.0809051,54,0
174.8,81,64,1.244809,70.06487,16.94158,1.954115,9.717135,0.0810197,54,0
174.8,82,80,1.245944,70.06021,16.70748,1.949606,9.741048,0.0808328,54,0
171.8,83,77,1.249316,70.01633,16.4612,1.945065,9.626,0.0806445,54,0
168.2,84,83,1.247963,69.93818,16.17927,1.927701,9.989902,0.0799246,54,0
166,85,82,1.251974,69.94443,15.91077,1.906828,10.12674,0.0790592,54,0
164.5,86,89,1.256514,69.83031,15.6201,1.88235,10.42078,0.0780443,54,0
137.3,87,77,1.260243,69.79784,15.31127,1.857579,10.48015,0.0770172,54,0
131.4,88,77,1.263297,69.7577,15.0216,1.830211,10.70014,0.0758825,54,0
146.7,89,78,1.269158,69.71596,14.71848,1.806552,10.86379,0.0749016,54,0
169.3,90,84,1.286095,72.58303,14.48551,1.792481,11.1092,0.0744169,54,1
191,91,85,1.298623,72.64382,14.39891,1.798212,11.12509,0.0746549,54,1
211.5,92,83,1.318277,72.63476,14.34143,1.805462,11.44378,0.0749559,54,1
208.4,93,92,1.340672,72.55381,14.27117,1.816179,11.52284,0.0754008,54,1
215.8,94,98,1.350461,72.56207,14.16494,1.81849,11.70154,0.0754967,54,1
210.2,95,106,1.349255,72.45068,14.09116,1.82056,11.7151,0.0755827,54,1
210.1,96,136,1.364884,72.55532,14.01091,1.818983,11.78941,0.0755172,54,1
218.7,97,149,1.370906,72.64451,13.90547,1.815588,12.04057,0.0753763,54,1
248.6,98,174,1.38876,72.74287,13.76887,1.811688,12.35137,0.0752143,54,1
350.6,99,192,1.391588,72.94131,13.5825,1.806928,12.51076,0.0750167,54,1
131.5,77,71,1.592624,69.68519,18.59392,4.626517,12.19355,0.0849463,55,0
132.2,78,72,1.636832,69.62133,18.49492,4.646109,12.67018,0.0853061,55,0
166.1,79,73,1.695498,69.51105,18.38056,4.682812,12.73353,0.08598,55,0
182.6,80,73,1.766834,69.65793,18.32003,4.712045,12.28465,0.0865771,55,0
187.9,81,85,1.830996,69.44913,18.13257,4.726336,12.06258,0.0868397,55,0
190.5,82,93,1.891105,69.07502,17.82849,4.728876,11.96294,0.0868863,55,0
190.9,83,96,1.946374,68.67786,17.47779,4.721445,12.046,0.0867498,55,0
196.5,84,102,1.995027,68.32092,17.12216,4.735576,12.64154,0.0870094,55,0
206.9,85,105,2.057478,67.96238,16.77438,4.747753,12.82047,0.0872332,55,0
257.9,86,113,2.114254,67.5285,16.40335,4.755625,13.20777,0.0873778,55,0
249.9,87,119,2.174812,67.20159,16.02941,4.77793,13.46897,0.0877876,55,0
214.4,88,126,2.242036,67.0311,15.70439,4.822402,13.64124,0.0886047,55,0
222.6,89,130,2.318033,66.7228,15.36247,4.856575,13.8911,0.0892326,55,0
264.7,90,138,2.387305,68.60641,15.10893,4.902265,13.83792,0.0902579,55,0
277,91,149,2.454108,68.70872,14.90861,4.952675,13.67774,0.091186,55,0
275.7,92,157,2.520563,68.76257,14.76215,5.004636,14.10912,0.0921427,55,0
264.4,93,176,2.585891,68.84564,14.63767,5.055318,14.22027,0.0930758,55,0
270.5,94,166,2.653202,68.88604,14.52687,5.095504,14.58173,0.0938157,55,0
281.1,95,187,2.723085,69.01579,14.46649,5.137004,14.76274,0.0945797,55,0
252.7,96,201,2.797213,69.16254,14.43643,5.173828,14.95679,0.0952577,55,0
270.6,97,238,2.843218,69.24231,14.41062,5.200235,15.39521,0.0957439,55,0
249,98,283,2.879499,69.32509,14.37501,5.222124,16.0247,0.0961469,55,0
245.9,99,334,2.938665,69.429,14.32648,5.250446,16.36726,0.0966684,55,0
240.9,77,87,1.060353,71.94287,20.078,0.413353,13.40189,0.0042525,56,0
280.4,78,98,1.072129,71.91188,20.0341,0.432877,14.33875,0.0044533,56,0
350.9,79,102,1.072455,71.78605,19.94991,0.454378,14.50478,0.0046745,56,0
392.6,80,95,1.083543,72.13893,19.9205,0.474185,14.20938,0.0048891,56,0
430.1,81,113,1.073996,72.01286,19.31403,0.491715,14.11538,0.0050698,56,0
304.2,82,117,1.077195,71.92876,18.65749,0.506408,13.67503,0.0052213,56,0
237.2,83,135,1.089689,71.27304,17.9884,0.510329,12.723,0.0052617,56,0
242.1,84,138,1.113899,70.9073,17.32605,0.504893,12.93979,0.0052057,56,0
256.8,85,143,1.140302,70.75819,16.74352,0.499692,13.18809,0.005152,56,0
293.1,86,148,1.172461,70.4869,16.22318,0.495624,12.72964,0.0051101,56,0
283.1,87,168,1.213082,70.05034,15.76252,0.476967,12.44814,0.0049177,56,0
314,88,190,1.273495,70.03685,15.39654,0.465098,12.60306,0.0047954,56,0
258.3,89,199,1.344308,70.21884,15.21673,0.458377,13.15555,0.0047261,56,0
301.4,90,216,1.399203,72.02543,15.15943,0.453401,13.71295,0.0046692,56,0
310.2,91,237,1.41194,72.33991,15.11932,0.457739,13.79178,0.0047139,56,0
319.5,92,237,1.434764,72.73,15.13535,0.463491,13.8805,0.0047731,56,0
286.2,93,226,1.476442,73.03836,15.20767,0.469033,13.97774,0.0048302,56,0
272.5,94,238,1.481319,73.39078,15.27995,0.474982,14.0831,0.0048914,56,0
254.2,95,254,1.485849,73.71621,15.37098,0.478447,14.07016,0.0049271,56,1
249.7,96,289,1.521814,73.85796,15.44601,0.480085,14.03223,0.004944,56,1
255.2,97,310,1.527818,73.92731,15.494,0.480031,14.79098,0.0049434,56,1
247.6,98,326,1.558396,73.98515,15.51021,0.480045,15.22551,0.0049436,56,1
232.3,99,327,1.613004,74.04952,15.48013,0.479602,15.76507,0.004939,56,1
